Return_ID,Order_ID,Customer_ID,Product_ID,Product_Name,Category,Return_Date,Return_Reason,Return_Method,Refund_Amount_INR,Refund_Method,Refund_Status,Resolution_Days,Customer_Feedback
RET50000,SN2300007,CUST10221,PRD1067,Indulekha Bringha Hair Oil 100ml,Beauty,2023-01-05,Fake/counterfeit suspected,Drop at Store,1527.45,Debit Card,Processed,2,Very Dissatisfied
RET50001,SN2300011,CUST10797,PRD1071,SUGAR Matte Attack Transferproof Lipstick,Beauty,2023-01-05,Changed mind,Pickup from Home,629.3,UPI,Processed,7,Satisfied
RET50002,SN2300044,CUST10543,PRD1018,boAt Airdopes 141 TWS,Electronics,2023-01-18,Screen damage in transit,Pickup from Home,2208.3,Wallet,Pending,3,Neutral
RET50003,SN2300082,CUST10021,PRD1058,Ivyspace Artificial Plant Set of 3,Home & Kitchen,2023-01-14,Damaged packaging,Drop at Store,949.05,Debit Card,Processed,2,Neutral
RET50004,SN2300105,CUST10481,PRD1055,Spaces 300TC Cotton King Bedsheet,Home & Kitchen,2023-01-20,Damaged packaging,Drop at Store,2249.1,Cash on Delivery,Processed,7,Dissatisfied
RET50005,SN2300121,CUST10424,PRD1055,Spaces 300TC Cotton King Bedsheet,Home & Kitchen,2023-01-25,Changed mind,Drop at Store,2499,UPI,Processed,7,Very Dissatisfied
RET50006,SN2300132,CUST10396,PRD1083,Ikigai – Francesc Miralles,Books,2023-01-19,Changed mind,Pickup from Home,1077.3,UPI,Processed,3,Neutral
RET50007,SN2300139,CUST10481,PRD1027,Allen Solly Formal Shirt,Fashion,2023-01-16,Wrong colour delivered,Pickup from Home,3238.2,Cash on Delivery,Pending,1,Neutral
RET50008,SN2300167,CUST10577,PRD1046,Lavie Women Tote Handbag,Fashion,2023-01-22,Changed mind,Courier Self-Send,1619.1,UPI,Pending,4,Dissatisfied
RET50009,SN2300168,CUST10488,PRD1073,Wild Stone Gold EDT 50ml,Beauty,2023-01-25,Wrong variant,Drop at Store,2845.25,UPI,Processed,6,Dissatisfied
RET50010,SN2300182,CUST10069,PRD1080,Wildcraft Camping Tent 2-Person,Sports,2023-01-22,Wrong item,Drop at Store,17547.3,UPI,Processed,2,Neutral
RET50011,SN2300215,CUST10084,PRD1038,Puma Softride Enzo NXT Sneaker,Fashion,2023-02-01,Wrong colour delivered,Pickup from Home,4499,Credit Card,Pending,6,Neutral
RET50012,SN2300223,CUST10230,PRD1074,Cosco Treadmill CTM-101,Sports,2023-01-31,Wrong item,Courier Self-Send,23999.2,UPI,Processed,7,Neutral
RET50013,SN2300252,CUST10772,PRD1078,Adidas Aeroready Training Tights,Sports,2023-02-04,Size issue,Courier Self-Send,8397,Cash on Delivery,Processed,6,Neutral
RET50014,SN2300310,CUST10074,PRD1067,Indulekha Bringha Hair Oil 100ml,Beauty,2023-02-07,Wrong variant,Pickup from Home,599,UPI,Processed,7,Neutral
RET50015,SN2300326,CUST10017,PRD1050,Havells Fresco 800W OTG 19L,Home & Kitchen,2023-02-10,Product defective,Courier Self-Send,8498.3,UPI,Pending,3,Satisfied
RET50016,SN2300330,CUST10038,PRD1073,Wild Stone Gold EDT 50ml,Beauty,2023-02-11,Wrong variant,Courier Self-Send,569.05,Credit Card,Processed,1,Neutral
RET50017,SN2300334,CUST10331,PRD1020,Noise ColorFit Pro 4,Electronics,2023-02-09,Wrong model delivered,Pickup from Home,2699.1,Debit Card,Processed,3,Neutral
RET50018,SN2300335,CUST10492,PRD1026,Levi's 511 Slim Fit Jeans,Fashion,2023-02-06,Wrong colour delivered,Pickup from Home,10197.45,Credit Card,Processed,3,Dissatisfied
RET50019,SN2300353,CUST10259,PRD1018,boAt Airdopes 141 TWS,Electronics,2023-02-15,Not as described,Courier Self-Send,1234.05,UPI,Processed,2,Dissatisfied
RET50020,SN2300357,CUST10246,PRD1078,Adidas Aeroready Training Tights,Sports,2023-02-11,Defective product,Courier Self-Send,2659.05,Credit Card,Processed,3,Neutral
RET50021,SN2300361,CUST10441,PRD1087,Amar Chitra Katha Mahabharata Box Set,Books,2023-02-14,Damaged spine,Drop at Store,2338.2,UPI,Processed,2,Very Dissatisfied
RET50022,SN2300362,CUST10386,PRD1035,Zara Flowy Midi Dress,Fashion,2023-02-06,Size/fit issue,Pickup from Home,7998,Cash on Delivery,Processed,7,Dissatisfied
RET50023,SN2300366,CUST10255,PRD1018,boAt Airdopes 141 TWS,Electronics,2023-02-15,Wrong model delivered,Courier Self-Send,2078.4,Net Banking,Processed,3,Neutral
RET50024,SN2300389,CUST10040,PRD1022,Samsung Galaxy Watch 6,Electronics,2023-02-11,Screen damage in transit,Drop at Store,25499.15,Cash on Delivery,Rejected,4,Dissatisfied
RET50025,SN2300404,CUST10727,PRD1078,Adidas Aeroready Training Tights,Sports,2023-02-12,Size issue,Courier Self-Send,2799,Credit Card,Processed,7,Very Dissatisfied
RET50026,SN2300437,CUST10408,PRD1001,Samsung Galaxy A54 5G,Electronics,2023-02-26,Battery issue,Courier Self-Send,24649.15,Cash on Delivery,Processed,4,Satisfied
RET50027,SN2300454,CUST10786,PRD1071,SUGAR Matte Attack Transferproof Lipstick,Beauty,2023-02-23,Changed mind,Pickup from Home,1708.1,UPI,Processed,4,Dissatisfied
RET50028,SN2300469,CUST10780,PRD1042,Fossil Gen 6 Hybrid Smartwatch,Fashion,2023-02-21,Fabric quality poor,Pickup from Home,25191,UPI,Processed,5,Dissatisfied
RET50029,SN2300485,CUST10686,PRD1029,Peter England Casual Polo T-Shirt,Fashion,2023-03-03,Fabric quality poor,Pickup from Home,1039.2,Net Banking,Rejected,6,Neutral
RET50030,SN2300499,CUST10490,PRD1074,Cosco Treadmill CTM-101,Sports,2023-02-23,Wrong item,Pickup from Home,25499.15,Credit Card,Processed,4,Neutral
RET50031,SN2300503,CUST10778,PRD1022,Samsung Galaxy Watch 6,Electronics,2023-02-27,Defective product,Courier Self-Send,85497.15,EMI,Pending,4,Very Dissatisfied
RET50032,SN2300523,CUST10572,PRD1011,Acer Aspire Lite AMD Ryzen 5,Electronics,2023-03-09,Not as described,Drop at Store,44999,Net Banking,Processed,2,Dissatisfied
RET50033,SN2300548,CUST10708,PRD1080,Wildcraft Camping Tent 2-Person,Sports,2023-03-06,Size issue,Pickup from Home,12998,UPI,Pending,2,Very Dissatisfied
RET50034,SN2300549,CUST10563,PRD1069,Lakme Absolute Mousse Foundation,Beauty,2023-03-07,Wrong variant,Courier Self-Send,719.1,EMI,Processed,6,Dissatisfied
RET50035,SN2300558,CUST10208,PRD1044,Wildcraft 35L Hiking Backpack,Fashion,2023-03-11,Fabric quality poor,Drop at Store,2249.1,Cash on Delivery,Processed,3,Very Dissatisfied
RET50036,SN2300564,CUST10493,PRD1055,Spaces 300TC Cotton King Bedsheet,Home & Kitchen,2023-03-12,Damaged packaging,Courier Self-Send,2249.1,EMI,Processed,7,Dissatisfied
RET50037,SN2300587,CUST10735,PRD1058,Ivyspace Artificial Plant Set of 3,Home & Kitchen,2023-03-09,Changed mind,Drop at Store,1998,Debit Card,Processed,7,Neutral
RET50038,SN2300601,CUST10518,PRD1013,Apple iPad 10th Gen 64GB,Electronics,2023-03-13,Wrong model delivered,Pickup from Home,52999,Wallet,Pending,7,Neutral
RET50039,SN2300611,CUST10507,PRD1027,Allen Solly Formal Shirt,Fashion,2023-03-11,Changed mind,Pickup from Home,6476.4,Debit Card,Processed,3,Neutral
RET50040,SN2300656,CUST10548,PRD1003,OnePlus Nord CE 3 Lite,Electronics,2023-03-16,Screen damage in transit,Courier Self-Send,56997.15,EMI,Processed,5,Dissatisfied
RET50041,SN2300664,CUST10058,PRD1028,Van Heusen Slim Fit Chinos,Fashion,2023-03-13,Fabric quality poor,Drop at Store,2499,Cash on Delivery,Processed,3,Neutral
RET50042,SN2300667,CUST10508,PRD1055,Spaces 300TC Cotton King Bedsheet,Home & Kitchen,2023-03-20,Product defective,Pickup from Home,2249.1,Credit Card,Processed,7,Neutral
RET50043,SN2300673,CUST10703,PRD1043,Titan Raga Women's Watch,Fashion,2023-03-16,Wrong colour delivered,Drop at Store,5699.05,UPI,Processed,6,Dissatisfied
RET50044,SN2300678,CUST10103,PRD1057,Craftter Wooden Wall Clock,Home & Kitchen,2023-03-15,Changed mind,Courier Self-Send,3312.45,Credit Card,Processed,7,Dissatisfied
RET50045,SN2300679,CUST10478,PRD1077,Nike Dri-FIT Training Shorts,Sports,2023-03-20,Build quality poor,Pickup from Home,1899.05,Net Banking,Processed,7,Neutral
RET50046,SN2300686,CUST10583,PRD1070,Maybelline Fit Me Matte Foundation,Beauty,2023-03-23,Seal broken,Courier Self-Send,699,Credit Card,Processed,3,Dissatisfied
RET50047,SN2300715,CUST10564,PRD1013,Apple iPad 10th Gen 64GB,Electronics,2023-03-24,Battery issue,Drop at Store,151047.15,Debit Card,Processed,6,Neutral
RET50048,SN2300736,CUST10042,PRD1035,Zara Flowy Midi Dress,Fashion,2023-03-19,Style not as shown,Courier Self-Send,3799.05,Credit Card,Processed,3,Neutral
RET50049,SN2300747,CUST10204,PRD1083,Ikigai – Francesc Miralles,Books,2023-04-01,Damaged spine,Courier Self-Send,359.1,UPI,Pending,5,Dissatisfied
RET50050,SN2300750,CUST10404,PRD1060,Pepperfry Solid Wood Study Table,Home & Kitchen,2023-03-24,Product defective,Courier Self-Send,33147.45,Wallet,Processed,6,Satisfied
RET50051,SN2300776,CUST10097,PRD1048,Philips HL7756 750W Mixer,Home & Kitchen,2023-04-01,Wrong item,Pickup from Home,17495,EMI,Processed,7,Neutral
RET50052,SN2300791,CUST10079,PRD1015,boAt Rockerz 450 Bluetooth,Electronics,2023-03-29,Not as described,Drop at Store,1999,Debit Card,Rejected,3,Neutral
RET50053,SN2300792,CUST10485,PRD1018,boAt Airdopes 141 TWS,Electronics,2023-03-30,Wrong model delivered,Drop at Store,5196,Cash on Delivery,Pending,3,Neutral
RET50054,SN2300797,CUST10041,PRD1059,Nilkamal Esteem Bookshelf,Home & Kitchen,2023-03-30,Damaged packaging,Courier Self-Send,5999.25,Debit Card,Processed,4,Satisfied
RET50055,SN2300814,CUST10345,PRD1077,Nike Dri-FIT Training Shorts,Sports,2023-04-05,Build quality poor,Drop at Store,5997,UPI,Processed,2,Neutral
RET50056,SN2300817,CUST10772,PRD1045,American Tourister Trolley Bag 68cm,Fashion,2023-03-29,Wrong colour delivered,Drop at Store,6649.05,Credit Card,Processed,4,Dissatisfied
RET50057,SN2300818,CUST10723,PRD1036,H&M Ribbed Jersey Dress,Fashion,2023-03-30,Wrong colour delivered,Pickup from Home,1709.05,Credit Card,Processed,7,Dissatisfied
RET50058,SN2300819,CUST10253,PRD1030,H&M Regular Fit Linen Shirt,Fashion,2023-04-03,Changed mind,Drop at Store,1709.05,Cash on Delivery,Processed,3,Satisfied
RET50059,SN2300856,CUST10351,PRD1046,Lavie Women Tote Handbag,Fashion,2023-04-09,Fabric quality poor,Drop at Store,1799,Credit Card,Pending,1,Neutral
RET50060,SN2300861,CUST10185,PRD1079,Decathlon Quechua 10L Hiking Daypack,Sports,2023-04-09,Changed mind,Drop at Store,1499,UPI,Pending,7,Neutral
RET50061,SN2300881,CUST10468,PRD1063,Minimalist 10% Niacinamide Serum 30ml,Beauty,2023-04-10,Allergic reaction,Pickup from Home,2376.6,UPI,Pending,6,Neutral
RET50062,SN2300904,CUST10036,PRD1070,Maybelline Fit Me Matte Foundation,Beauty,2023-04-08,Allergic reaction,Courier Self-Send,664.05,Credit Card,Processed,1,Neutral
RET50063,SN2300921,CUST10589,PRD1041,Skechers GOwalk 6 Slip-On,Fashion,2023-04-10,Changed mind,Courier Self-Send,13497.3,Debit Card,Processed,3,Neutral
RET50064,SN2300932,CUST10264,PRD1083,Ikigai – Francesc Miralles,Books,2023-04-07,Damaged spine,Courier Self-Send,897.75,Cash on Delivery,Processed,1,Neutral
RET50065,SN2300938,CUST10510,PRD1044,Wildcraft 35L Hiking Backpack,Fashion,2023-04-06,Style not as shown,Courier Self-Send,2124.15,Debit Card,Processed,1,Dissatisfied
RET50066,SN2300943,CUST10748,PRD1021,boAt Wave Flex Connect,Electronics,2023-04-13,Screen damage in transit,Courier Self-Send,7996,EMI,Processed,7,Dissatisfied
RET50067,SN2300953,CUST10566,PRD1078,Adidas Aeroready Training Tights,Sports,2023-04-10,Build quality poor,Courier Self-Send,2239.2,Cash on Delivery,Pending,4,Satisfied
RET50068,SN2300955,CUST10261,PRD1075,Kore Pvc 30kg Weight Set,Sports,2023-04-08,Defective product,Pickup from Home,2974.15,UPI,Processed,7,Satisfied
RET50069,SN2300967,CUST10289,PRD1028,Van Heusen Slim Fit Chinos,Fashion,2023-04-18,Fabric quality poor,Drop at Store,2249.1,Credit Card,Processed,4,Satisfied
RET50070,SN2300975,CUST10544,PRD1080,Wildcraft Camping Tent 2-Person,Sports,2023-04-19,Defective product,Pickup from Home,5849.1,Cash on Delivery,Processed,7,Dissatisfied
RET50071,SN2301000,CUST10634,PRD1056,Bombay Dyeing Microfibre Comforter,Home & Kitchen,2023-04-13,Poor build quality,Drop at Store,6398.4,UPI,Processed,4,Satisfied
RET50072,SN2301005,CUST10253,PRD1022,Samsung Galaxy Watch 6,Electronics,2023-04-14,Not as described,Courier Self-Send,89997,Net Banking,Processed,5,Neutral
RET50073,SN2301006,CUST10390,PRD1016,Sony WH-1000XM5 Wireless,Electronics,2023-04-15,Wrong model delivered,Drop at Store,60798.1,UPI,Processed,5,Neutral
RET50074,SN2301007,CUST10189,PRD1075,Kore Pvc 30kg Weight Set,Sports,2023-04-23,Build quality poor,Drop at Store,2974.15,UPI,Processed,7,Satisfied
RET50075,SN2301028,CUST10787,PRD1065,Cetaphil Moisturising Cream 250g,Beauty,2023-04-23,Changed mind,Pickup from Home,664.05,Credit Card,Processed,7,Neutral
RET50076,SN2301034,CUST10519,PRD1059,Nilkamal Esteem Bookshelf,Home & Kitchen,2023-04-23,Damaged packaging,Drop at Store,30396.2,EMI,Processed,7,Satisfied
RET50077,SN2301059,CUST10224,PRD1055,Spaces 300TC Cotton King Bedsheet,Home & Kitchen,2023-04-27,Damaged packaging,Courier Self-Send,2499,Credit Card,Processed,6,Very Dissatisfied
RET50078,SN2301078,CUST10264,PRD1049,Bajaj Majesty 2L Induction Cooktop,Home & Kitchen,2023-04-19,Wrong item,Courier Self-Send,8412.45,UPI,Processed,7,Dissatisfied
RET50079,SN2301081,CUST10387,PRD1038,Puma Softride Enzo NXT Sneaker,Fashion,2023-04-29,Size/fit issue,Drop at Store,7198.4,UPI,Processed,5,Neutral
RET50080,SN2301083,CUST10144,PRD1083,Ikigai – Francesc Miralles,Books,2023-04-26,Pages missing,Courier Self-Send,279.3,UPI,Pending,7,Dissatisfied
RET50081,SN2301089,CUST10291,PRD1009,Lenovo IdeaPad Slim 3 15,Electronics,2023-05-02,Screen damage in transit,Courier Self-Send,49999,EMI,Processed,6,Dissatisfied
RET50082,SN2301097,CUST10149,PRD1034,Aurelia Embroidered Salwar Suit,Fashion,2023-04-26,Style not as shown,Pickup from Home,5798,Credit Card,Processed,1,Very Dissatisfied
RET50083,SN2301110,CUST10131,PRD1076,Durafit Spark Cycle 21kg Flywheel,Sports,2023-04-24,Wrong item,Pickup from Home,27999,Debit Card,Processed,2,Neutral
RET50084,SN2301113,CUST10632,PRD1014,Lenovo Tab M10 FHD Plus,Electronics,2023-05-01,Not as described,Drop at Store,17999,EMI,Processed,6,Satisfied
RET50085,SN2301116,CUST10204,PRD1069,Lakme Absolute Mousse Foundation,Beauty,2023-04-30,Fake/counterfeit suspected,Pickup from Home,2397,UPI,Processed,1,Satisfied
RET50086,SN2301132,CUST10726,PRD1059,Nilkamal Esteem Bookshelf,Home & Kitchen,2023-05-01,Wrong item,Courier Self-Send,6799.15,UPI,Processed,6,Dissatisfied
RET50087,SN2301140,CUST10289,PRD1063,Minimalist 10% Niacinamide Serum 30ml,Beauty,2023-05-02,Changed mind,Pickup from Home,629.1,UPI,Processed,2,Neutral
RET50088,SN2301145,CUST10493,PRD1031,Puma Dry-Cell Training T-Shirt,Fashion,2023-04-26,Fabric quality poor,Pickup from Home,3198,UPI,Processed,6,Neutral
RET50089,SN2301158,CUST10392,PRD1034,Aurelia Embroidered Salwar Suit,Fashion,2023-05-07,Wrong colour delivered,Pickup from Home,2464.15,Debit Card,Processed,2,Neutral
RET50090,SN2301171,CUST10642,PRD1077,Nike Dri-FIT Training Shorts,Sports,2023-04-29,Wrong item,Courier Self-Send,4497.75,Credit Card,Processed,7,Very Dissatisfied
RET50091,SN2301176,CUST10117,PRD1023,Fitbit Charge 6,Electronics,2023-05-09,Battery issue,Drop at Store,37998,Cash on Delivery,Processed,7,Neutral
RET50092,SN2301178,CUST10137,PRD1041,Skechers GOwalk 6 Slip-On,Fashion,2023-05-04,Fabric quality poor,Drop at Store,7998.4,Wallet,Processed,4,Very Dissatisfied
RET50093,SN2301183,CUST10499,PRD1047,Prestige Iris 750W Mixer Grinder,Home & Kitchen,2023-05-05,Poor build quality,Courier Self-Send,7998,Wallet,Processed,4,Very Dissatisfied
RET50094,SN2301211,CUST10687,PRD1052,Hawkins Futura Non-Stick Wok 25cm,Home & Kitchen,2023-05-05,Product defective,Pickup from Home,3418.1,Debit Card,Processed,2,Dissatisfied
RET50095,SN2301226,CUST10439,PRD1063,Minimalist 10% Niacinamide Serum 30ml,Beauty,2023-05-08,Seal broken,Pickup from Home,664.05,Credit Card,Processed,7,Satisfied
RET50096,SN2301232,CUST10294,PRD1015,boAt Rockerz 450 Bluetooth,Electronics,2023-05-07,Screen damage in transit,Drop at Store,1999,Net Banking,Processed,6,Neutral
RET50097,SN2301237,CUST10193,PRD1037,Nike Air Max 270 Running Shoes,Fashion,2023-05-05,Style not as shown,Courier Self-Send,9499.05,Debit Card,Processed,2,Dissatisfied
RET50098,SN2301251,CUST10337,PRD1006,Realme 12 Pro+ 5G,Electronics,2023-05-14,Defective product,Pickup from Home,79797.15,Cash on Delivery,Rejected,3,Very Dissatisfied
RET50099,SN2301256,CUST10603,PRD1036,H&M Ribbed Jersey Dress,Fashion,2023-05-08,Fabric quality poor,Drop at Store,3598,UPI,Processed,7,Very Dissatisfied
RET50100,SN2301277,CUST10628,PRD1005,Vivo V29 Pro 5G,Electronics,2023-05-14,Not as described,Courier Self-Send,33299.1,EMI,Processed,5,Neutral
RET50101,SN2301285,CUST10712,PRD1032,BIBA Floral Printed Kurta,Fashion,2023-05-10,Style not as shown,Pickup from Home,3418.2,Debit Card,Processed,1,Satisfied
RET50102,SN2301290,CUST10005,PRD1023,Fitbit Charge 6,Electronics,2023-05-16,Screen damage in transit,Pickup from Home,13299.3,Cash on Delivery,Processed,1,Dissatisfied
RET50103,SN2301298,CUST10177,PRD1014,Lenovo Tab M10 FHD Plus,Electronics,2023-05-19,Not as described,Pickup from Home,48597.3,EMI,Processed,7,Satisfied
RET50104,SN2301300,CUST10139,PRD1002,Apple iPhone 14 128GB,Electronics,2023-05-15,Battery issue,Pickup from Home,59999.25,UPI,Processed,4,Neutral
RET50105,SN2301304,CUST10785,PRD1034,Aurelia Embroidered Salwar Suit,Fashion,2023-05-12,Changed mind,Pickup from Home,2319.2,EMI,Processed,1,Very Dissatisfied
RET50106,SN2301360,CUST10107,PRD1047,Prestige Iris 750W Mixer Grinder,Home & Kitchen,2023-05-22,Damaged packaging,Pickup from Home,3799.05,Credit Card,Processed,5,Satisfied
RET50107,SN2301376,CUST10104,PRD1046,Lavie Women Tote Handbag,Fashion,2023-05-23,Changed mind,Courier Self-Send,1709.05,UPI,Processed,4,Neutral
RET50108,SN2301378,CUST10405,PRD1080,Wildcraft Camping Tent 2-Person,Sports,2023-05-19,Changed mind,Drop at Store,6499,EMI,Processed,5,Neutral
RET50109,SN2301390,CUST10642,PRD1010,Asus VivoBook 16X OLED,Electronics,2023-05-20,Battery issue,Drop at Store,64999,Credit Card,Pending,1,Dissatisfied
RET50110,SN2301417,CUST10135,PRD1019,Noise Buds VS104 TWS,Electronics,2023-05-21,Screen damage in transit,Pickup from Home,5196,UPI,Processed,6,Neutral
RET50111,SN2301426,CUST10191,PRD1048,Philips HL7756 750W Mixer,Home & Kitchen,2023-05-26,Product defective,Courier Self-Send,13296.2,Credit Card,Processed,4,Very Dissatisfied
RET50112,SN2301430,CUST10456,PRD1085,Disha UPSC Prelims 20 Years Papers,Books,2023-05-19,Changed mind,Drop at Store,509.15,Credit Card,Processed,2,Satisfied
RET50113,SN2301439,CUST10396,PRD1015,boAt Rockerz 450 Bluetooth,Electronics,2023-05-25,Screen damage in transit,Courier Self-Send,1899.05,UPI,Processed,4,Very Dissatisfied
RET50114,SN2301471,CUST10374,PRD1032,BIBA Floral Printed Kurta,Fashion,2023-05-22,Changed mind,Drop at Store,1899,Debit Card,Processed,3,Satisfied
RET50115,SN2301473,CUST10005,PRD1061,Mamaearth Vitamin C Face Wash 100ml,Beauty,2023-05-29,Changed mind,Pickup from Home,379.05,UPI,Processed,3,Very Dissatisfied
RET50116,SN2301490,CUST10355,PRD1024,Canon EOS 1500D DSLR Kit,Electronics,2023-05-31,Battery issue,Drop at Store,44999,Cash on Delivery,Processed,2,Dissatisfied
RET50117,SN2301500,CUST10758,PRD1020,Noise ColorFit Pro 4,Electronics,2023-05-31,Battery issue,Drop at Store,5398.2,Debit Card,Processed,2,Neutral
RET50118,SN2301526,CUST10340,PRD1027,Allen Solly Formal Shirt,Fashion,2023-05-23,Fabric quality poor,Pickup from Home,1349.25,Cash on Delivery,Processed,6,Dissatisfied
RET50119,SN2301580,CUST10415,PRD1005,Vivo V29 Pro 5G,Electronics,2023-05-30,Not as described,Courier Self-Send,33299.1,Debit Card,Pending,2,Neutral
RET50120,SN2301581,CUST10289,PRD1052,Hawkins Futura Non-Stick Wok 25cm,Home & Kitchen,2023-06-04,Wrong item,Drop at Store,1799,Cash on Delivery,Rejected,5,Neutral
RET50121,SN2301582,CUST10269,PRD1083,Ikigai – Francesc Miralles,Books,2023-06-03,Wrong title,Courier Self-Send,359.1,UPI,Processed,5,Dissatisfied
RET50122,SN2301584,CUST10455,PRD1066,Mamaearth Onion Hair Oil 150ml,Beauty,2023-06-01,Allergic reaction,Courier Self-Send,1279.65,Cash on Delivery,Processed,2,Neutral
RET50123,SN2301597,CUST10107,PRD1064,Plum Green Tea Pore Cleansing Face Wash,Beauty,2023-06-01,Allergic reaction,Courier Self-Send,1272.45,Cash on Delivery,Processed,3,Dissatisfied
RET50124,SN2301600,CUST10045,PRD1031,Puma Dry-Cell Training T-Shirt,Fashion,2023-06-06,Size/fit issue,Drop at Store,4077.45,UPI,Processed,2,Satisfied
RET50125,SN2301606,CUST10098,PRD1033,W Ethnic Wear Kurta Set,Fashion,2023-06-07,Wrong colour delivered,Drop at Store,2299,Credit Card,Processed,4,Dissatisfied
RET50126,SN2301611,CUST10007,PRD1014,Lenovo Tab M10 FHD Plus,Electronics,2023-06-05,Not as described,Drop at Store,16199.1,Cash on Delivery,Processed,2,Very Dissatisfied
RET50127,SN2301617,CUST10572,PRD1045,American Tourister Trolley Bag 68cm,Fashion,2023-06-06,Changed mind,Pickup from Home,5949.15,UPI,Processed,1,Neutral
RET50128,SN2301626,CUST10151,PRD1064,Plum Green Tea Pore Cleansing Face Wash,Beauty,2023-06-04,Wrong variant,Drop at Store,449.1,Credit Card,Processed,6,Neutral
RET50129,SN2301638,CUST10322,PRD1034,Aurelia Embroidered Salwar Suit,Fashion,2023-06-06,Wrong colour delivered,Courier Self-Send,2754.05,Cash on Delivery,Processed,5,Satisfied
RET50130,SN2301641,CUST10284,PRD1060,Pepperfry Solid Wood Study Table,Home & Kitchen,2023-06-08,Wrong item,Courier Self-Send,12349.05,UPI,Processed,1,Neutral
RET50131,SN2301650,CUST10693,PRD1019,Noise Buds VS104 TWS,Electronics,2023-06-11,Wrong model delivered,Pickup from Home,1169.1,Cash on Delivery,Pending,4,Very Dissatisfied
RET50132,SN2301651,CUST10766,PRD1044,Wildcraft 35L Hiking Backpack,Fashion,2023-06-02,Fabric quality poor,Pickup from Home,2499,Wallet,Processed,1,Very Dissatisfied
RET50133,SN2301659,CUST10560,PRD1007,HP Pavilion 15 Core i5 8GB,Electronics,2023-06-15,Wrong model delivered,Courier Self-Send,44249.25,UPI,Processed,3,Dissatisfied
RET50134,SN2301670,CUST10116,PRD1044,Wildcraft 35L Hiking Backpack,Fashion,2023-06-01,Style not as shown,Pickup from Home,11245.5,Debit Card,Processed,1,Dissatisfied
RET50135,SN2301719,CUST10773,PRD1027,Allen Solly Formal Shirt,Fashion,2023-06-15,Changed mind,Drop at Store,7196,Credit Card,Processed,2,Dissatisfied
RET50136,SN2301723,CUST10579,PRD1082,The Alchemist – Paulo Coelho,Books,2023-06-05,Wrong title,Pickup from Home,350,UPI,Processed,6,Dissatisfied
RET50137,SN2301735,CUST10216,PRD1014,Lenovo Tab M10 FHD Plus,Electronics,2023-06-16,Battery issue,Courier Self-Send,16199.1,UPI,Processed,7,Neutral
RET50138,SN2301748,CUST10540,PRD1086,Arihant CAT 2024 Solved Papers,Books,2023-06-16,Wrong title,Courier Self-Send,1298,UPI,Processed,2,Satisfied
RET50139,SN2301749,CUST10647,PRD1014,Lenovo Tab M10 FHD Plus,Electronics,2023-06-13,Screen damage in transit,Drop at Store,34198.1,Cash on Delivery,Processed,6,Satisfied
RET50140,SN2301758,CUST10742,PRD1084,Deep Work – Cal Newport,Books,2023-06-15,Changed mind,Pickup from Home,1198,UPI,Processed,1,Neutral
RET50141,SN2301764,CUST10294,PRD1056,Bombay Dyeing Microfibre Comforter,Home & Kitchen,2023-06-17,Product defective,Drop at Store,3999,EMI,Processed,3,Neutral
RET50142,SN2301772,CUST10144,PRD1069,Lakme Absolute Mousse Foundation,Beauty,2023-06-15,Wrong variant,Pickup from Home,679.15,Net Banking,Processed,1,Satisfied
RET50143,SN2301781,CUST10497,PRD1044,Wildcraft 35L Hiking Backpack,Fashion,2023-06-11,Fabric quality poor,Courier Self-Send,6372.45,Credit Card,Processed,1,Dissatisfied
RET50144,SN2301794,CUST10684,PRD1045,American Tourister Trolley Bag 68cm,Fashion,2023-06-13,Changed mind,Pickup from Home,17847.45,Credit Card,Processed,7,Neutral
RET50145,SN2301795,CUST10336,PRD1039,Adidas Ultraboost 22 Shoes,Fashion,2023-06-17,Style not as shown,Courier Self-Send,13299.05,Credit Card,Processed,3,Neutral
RET50146,SN2301798,CUST10736,PRD1010,Asus VivoBook 16X OLED,Electronics,2023-06-19,Battery issue,Drop at Store,61749.05,Credit Card,Processed,1,Dissatisfied
RET50147,SN2301820,CUST10651,PRD1085,Disha UPSC Prelims 20 Years Papers,Books,2023-06-19,Damaged spine,Courier Self-Send,1078.2,UPI,Processed,1,Neutral
RET50148,SN2301837,CUST10602,PRD1010,Asus VivoBook 16X OLED,Electronics,2023-06-23,Not as described,Pickup from Home,58499.1,Credit Card,Processed,4,Neutral
RET50149,SN2301845,CUST10744,PRD1054,Wonderchef Ebony Non-Stick Tawa 30cm,Home & Kitchen,2023-06-23,Damaged packaging,Drop at Store,1424.05,Net Banking,Processed,6,Dissatisfied
RET50150,SN2301846,CUST10146,PRD1031,Puma Dry-Cell Training T-Shirt,Fashion,2023-06-22,Wrong colour delivered,Drop at Store,3038.1,EMI,Processed,3,Neutral
RET50151,SN2301847,CUST10595,PRD1082,The Alchemist – Paulo Coelho,Books,2023-06-25,Changed mind,Pickup from Home,665,Debit Card,Processed,7,Dissatisfied
RET50152,SN2301848,CUST10246,PRD1062,Dot & Key Watermelon Sleeping Mask 85g,Beauty,2023-06-24,Changed mind,Pickup from Home,854.05,Cash on Delivery,Processed,1,Neutral
RET50153,SN2301851,CUST10056,PRD1058,Ivyspace Artificial Plant Set of 3,Home & Kitchen,2023-06-24,Damaged packaging,Pickup from Home,999,Credit Card,Processed,6,Very Dissatisfied
RET50154,SN2301857,CUST10336,PRD1026,Levi's 511 Slim Fit Jeans,Fashion,2023-06-26,Size/fit issue,Courier Self-Send,3999,UPI,Processed,1,Neutral
RET50155,SN2301865,CUST10153,PRD1027,Allen Solly Formal Shirt,Fashion,2023-06-18,Wrong colour delivered,Drop at Store,5397,Credit Card,Processed,6,Satisfied
RET50156,SN2301900,CUST10441,PRD1070,Maybelline Fit Me Matte Foundation,Beauty,2023-06-24,Wrong variant,Drop at Store,629.1,UPI,Processed,2,Dissatisfied
RET50157,SN2301901,CUST10050,PRD1070,Maybelline Fit Me Matte Foundation,Beauty,2023-06-26,Fake/counterfeit suspected,Pickup from Home,489.3,UPI,Processed,5,Very Dissatisfied
RET50158,SN2301916,CUST10377,PRD1009,Lenovo IdeaPad Slim 3 15,Electronics,2023-06-28,Battery issue,Drop at Store,84998.3,UPI,Processed,3,Neutral
RET50159,SN2301932,CUST10557,PRD1043,Titan Raga Women's Watch,Fashion,2023-06-26,Size/fit issue,Drop at Store,4499.25,UPI,Pending,6,Neutral
RET50160,SN2301934,CUST10498,PRD1072,Fogg Scent Xpressio EDP 100ml,Beauty,2023-07-04,Wrong variant,Drop at Store,759.05,EMI,Processed,1,Dissatisfied
RET50161,SN2301940,CUST10650,PRD1065,Cetaphil Moisturising Cream 250g,Beauty,2023-07-05,Fake/counterfeit suspected,Courier Self-Send,1258.2,UPI,Processed,7,Neutral
RET50162,SN2301949,CUST10664,PRD1022,Samsung Galaxy Watch 6,Electronics,2023-07-12,Not as described,Drop at Store,59998,UPI,Processed,4,Very Dissatisfied
RET50163,SN2301960,CUST10755,PRD1019,Noise Buds VS104 TWS,Electronics,2023-07-01,Screen damage in transit,Courier Self-Send,909.3,Cash on Delivery,Processed,2,Dissatisfied
RET50164,SN2301964,CUST10779,PRD1075,Kore Pvc 30kg Weight Set,Sports,2023-07-05,Build quality poor,Pickup from Home,3499,UPI,Pending,7,Satisfied
RET50165,SN2301971,CUST10221,PRD1050,Havells Fresco 800W OTG 19L,Home & Kitchen,2023-07-04,Wrong item,Drop at Store,3999.2,UPI,Processed,3,Dissatisfied
RET50166,SN2301972,CUST10423,PRD1043,Titan Raga Women's Watch,Fashion,2023-07-06,Changed mind,Pickup from Home,11998,Credit Card,Processed,5,Dissatisfied
RET50167,SN2301982,CUST10581,PRD1037,Nike Air Max 270 Running Shoes,Fashion,2023-07-09,Fabric quality poor,Pickup from Home,17998.2,UPI,Processed,4,Very Dissatisfied
RET50168,SN2302050,CUST10454,PRD1003,OnePlus Nord CE 3 Lite,Electronics,2023-07-09,Wrong model delivered,Drop at Store,53997.3,Credit Card,Pending,7,Very Dissatisfied
RET50169,SN2302085,CUST10357,PRD1009,Lenovo IdeaPad Slim 3 15,Electronics,2023-07-14,Battery issue,Courier Self-Send,89998.2,Wallet,Processed,6,Dissatisfied
RET50170,SN2302092,CUST10154,PRD1050,Havells Fresco 800W OTG 19L,Home & Kitchen,2023-07-13,Damaged packaging,Courier Self-Send,4999,Debit Card,Pending,4,Dissatisfied
RET50171,SN2302109,CUST10573,PRD1022,Samsung Galaxy Watch 6,Electronics,2023-07-11,Wrong model delivered,Courier Self-Send,29999,UPI,Processed,1,Dissatisfied
RET50172,SN2302111,CUST10353,PRD1054,Wonderchef Ebony Non-Stick Tawa 30cm,Home & Kitchen,2023-07-15,Changed mind,Courier Self-Send,3822.45,Net Banking,Pending,5,Neutral
RET50173,SN2302119,CUST10187,PRD1010,Asus VivoBook 16X OLED,Electronics,2023-07-17,Defective product,Pickup from Home,61749.05,EMI,Rejected,6,Neutral
RET50174,SN2302120,CUST10646,PRD1076,Durafit Spark Cycle 21kg Flywheel,Sports,2023-07-13,Build quality poor,Drop at Store,44798.4,Debit Card,Processed,5,Neutral
RET50175,SN2302133,CUST10302,PRD1009,Lenovo IdeaPad Slim 3 15,Electronics,2023-07-13,Battery issue,Pickup from Home,49999,Debit Card,Processed,3,Very Dissatisfied
RET50176,SN2302155,CUST10361,PRD1024,Canon EOS 1500D DSLR Kit,Electronics,2023-07-15,Wrong model delivered,Courier Self-Send,44999,Debit Card,Processed,5,Very Dissatisfied
RET50177,SN2302188,CUST10247,PRD1023,Fitbit Charge 6,Electronics,2023-07-14,Wrong model delivered,Drop at Store,30398.4,Debit Card,Processed,7,Dissatisfied
RET50178,SN2302192,CUST10158,PRD1070,Maybelline Fit Me Matte Foundation,Beauty,2023-07-17,Fake/counterfeit suspected,Drop at Store,699,EMI,Processed,6,Neutral
RET50179,SN2302198,CUST10657,PRD1049,Bajaj Majesty 2L Induction Cooktop,Home & Kitchen,2023-07-19,Damaged packaging,Pickup from Home,12371.25,UPI,Processed,7,Satisfied
RET50180,SN2302207,CUST10712,PRD1026,Levi's 511 Slim Fit Jeans,Fashion,2023-07-19,Fabric quality poor,Courier Self-Send,2799.3,Net Banking,Processed,5,Dissatisfied
RET50181,SN2302214,CUST10228,PRD1050,Havells Fresco 800W OTG 19L,Home & Kitchen,2023-07-19,Damaged packaging,Courier Self-Send,9998,UPI,Processed,7,Dissatisfied
RET50182,SN2302231,CUST10225,PRD1020,Noise ColorFit Pro 4,Electronics,2023-07-31,Wrong model delivered,Drop at Store,5998,UPI,Pending,3,Dissatisfied
RET50183,SN2302240,CUST10061,PRD1040,Bata Men's Formal Derby Shoes,Fashion,2023-07-20,Size/fit issue,Courier Self-Send,2799,UPI,Processed,2,Satisfied
RET50184,SN2302241,CUST10262,PRD1073,Wild Stone Gold EDT 50ml,Beauty,2023-07-26,Seal broken,Drop at Store,569.05,UPI,Processed,1,Neutral
RET50185,SN2302249,CUST10177,PRD1013,Apple iPad 10th Gen 64GB,Electronics,2023-07-27,Screen damage in transit,Drop at Store,95398.2,UPI,Rejected,6,Dissatisfied
RET50186,SN2302258,CUST10319,PRD1047,Prestige Iris 750W Mixer Grinder,Home & Kitchen,2023-07-23,Poor build quality,Drop at Store,3999,Credit Card,Processed,4,Very Dissatisfied
RET50187,SN2302260,CUST10064,PRD1024,Canon EOS 1500D DSLR Kit,Electronics,2023-07-31,Not as described,Drop at Store,40499.1,UPI,Processed,6,Very Dissatisfied
RET50188,SN2302262,CUST10666,PRD1045,American Tourister Trolley Bag 68cm,Fashion,2023-07-20,Style not as shown,Drop at Store,26246.25,UPI,Processed,7,Dissatisfied
RET50189,SN2302265,CUST10430,PRD1079,Decathlon Quechua 10L Hiking Daypack,Sports,2023-07-28,Defective product,Courier Self-Send,1124.25,Debit Card,Processed,2,Satisfied
RET50190,SN2302267,CUST10070,PRD1016,Sony WH-1000XM5 Wireless,Electronics,2023-07-23,Screen damage in transit,Pickup from Home,86397.3,EMI,Processed,4,Neutral
RET50191,SN2302295,CUST10740,PRD1078,Adidas Aeroready Training Tights,Sports,2023-07-21,Changed mind,Pickup from Home,2799,Net Banking,Pending,7,Neutral
RET50192,SN2302311,CUST10419,PRD1004,Redmi Note 13 Pro 5G,Electronics,2023-07-29,Wrong model delivered,Courier Self-Send,26999,UPI,Processed,4,Satisfied
RET50193,SN2302317,CUST10177,PRD1035,Zara Flowy Midi Dress,Fashion,2023-07-29,Fabric quality poor,Pickup from Home,3599.1,EMI,Processed,4,Dissatisfied
RET50194,SN2302319,CUST10449,PRD1007,HP Pavilion 15 Core i5 8GB,Electronics,2023-07-27,Not as described,Pickup from Home,106198.2,Credit Card,Processed,1,Dissatisfied
RET50195,SN2302351,CUST10039,PRD1001,Samsung Galaxy A54 5G,Electronics,2023-08-02,Not as described,Pickup from Home,104396.4,UPI,Processed,6,Neutral
RET50196,SN2302368,CUST10205,PRD1051,Morphy Richards Instacook 700W MW,Home & Kitchen,2023-07-29,Poor build quality,Courier Self-Send,22497.75,Debit Card,Processed,5,Neutral
RET50197,SN2302395,CUST10284,PRD1054,Wonderchef Ebony Non-Stick Tawa 30cm,Home & Kitchen,2023-08-04,Changed mind,Pickup from Home,1349.1,Credit Card,Processed,6,Satisfied
RET50198,SN2302397,CUST10116,PRD1038,Puma Softride Enzo NXT Sneaker,Fashion,2023-08-04,Style not as shown,Courier Self-Send,15296.6,UPI,Processed,6,Neutral
RET50199,SN2302408,CUST10253,PRD1026,Levi's 511 Slim Fit Jeans,Fashion,2023-08-06,Wrong colour delivered,Courier Self-Send,6798.3,Debit Card,Processed,1,Dissatisfied
RET50200,SN2302417,CUST10348,PRD1083,Ikigai – Francesc Miralles,Books,2023-08-05,Wrong title,Courier Self-Send,758.1,Cash on Delivery,Pending,2,Dissatisfied
RET50201,SN2302429,CUST10281,PRD1031,Puma Dry-Cell Training T-Shirt,Fashion,2023-07-30,Size/fit issue,Courier Self-Send,7595.25,Debit Card,Processed,3,Dissatisfied
RET50202,SN2302437,CUST10039,PRD1051,Morphy Richards Instacook 700W MW,Home & Kitchen,2023-08-01,Poor build quality,Drop at Store,9499.05,Credit Card,Processed,7,Very Dissatisfied
RET50203,SN2302455,CUST10197,PRD1005,Vivo V29 Pro 5G,Electronics,2023-08-08,Wrong model delivered,Drop at Store,33299.1,Debit Card,Processed,2,Satisfied
RET50204,SN2302461,CUST10697,PRD1028,Van Heusen Slim Fit Chinos,Fashion,2023-08-08,Fabric quality poor,Courier Self-Send,2124.15,UPI,Processed,7,Neutral
RET50205,SN2302481,CUST10175,PRD1063,Minimalist 10% Niacinamide Serum 30ml,Beauty,2023-08-02,Changed mind,Courier Self-Send,978.6,UPI,Processed,6,Neutral
RET50206,SN2302486,CUST10548,PRD1055,Spaces 300TC Cotton King Bedsheet,Home & Kitchen,2023-08-06,Poor build quality,Drop at Store,2499,UPI,Processed,2,Dissatisfied
RET50207,SN2302500,CUST10119,PRD1007,HP Pavilion 15 Core i5 8GB,Electronics,2023-08-06,Screen damage in transit,Pickup from Home,117998,Credit Card,Processed,4,Very Dissatisfied
RET50208,SN2302506,CUST10503,PRD1028,Van Heusen Slim Fit Chinos,Fashion,2023-08-11,Size/fit issue,Pickup from Home,2499,Credit Card,Processed,7,Neutral
RET50209,SN2302510,CUST10706,PRD1068,TRESemmé Keratin Smooth Shampoo 580ml,Beauty,2023-08-08,Fake/counterfeit suspected,Pickup from Home,1992.15,EMI,Processed,2,Dissatisfied
RET50210,SN2302519,CUST10156,PRD1083,Ikigai – Francesc Miralles,Books,2023-08-06,Changed mind,Courier Self-Send,638.4,UPI,Processed,2,Neutral
RET50211,SN2302522,CUST10613,PRD1037,Nike Air Max 270 Running Shoes,Fashion,2023-08-05,Changed mind,Courier Self-Send,25497.45,Cash on Delivery,Processed,6,Dissatisfied
RET50212,SN2302544,CUST10717,PRD1074,Cosco Treadmill CTM-101,Sports,2023-08-05,Wrong item,Pickup from Home,20999.3,UPI,Processed,6,Satisfied
RET50213,SN2302572,CUST10682,PRD1087,Amar Chitra Katha Mahabharata Box Set,Books,2023-08-17,Changed mind,Courier Self-Send,1169.1,Debit Card,Processed,6,Dissatisfied
RET50214,SN2302577,CUST10392,PRD1077,Nike Dri-FIT Training Shorts,Sports,2023-08-12,Wrong item,Drop at Store,1999,UPI,Processed,2,Satisfied
RET50215,SN2302580,CUST10716,PRD1014,Lenovo Tab M10 FHD Plus,Electronics,2023-08-13,Battery issue,Drop at Store,61196.6,UPI,Processed,6,Dissatisfied
RET50216,SN2302586,CUST10240,PRD1054,Wonderchef Ebony Non-Stick Tawa 30cm,Home & Kitchen,2023-08-10,Damaged packaging,Courier Self-Send,1349.1,UPI,Processed,1,Very Dissatisfied
RET50217,SN2302593,CUST10666,PRD1039,Adidas Ultraboost 22 Shoes,Fashion,2023-08-11,Wrong colour delivered,Drop at Store,53196.2,Credit Card,Processed,3,Neutral
RET50218,SN2302605,CUST10521,PRD1056,Bombay Dyeing Microfibre Comforter,Home & Kitchen,2023-08-13,Damaged packaging,Courier Self-Send,3999,UPI,Processed,6,Neutral
RET50219,SN2302612,CUST10286,PRD1048,Philips HL7756 750W Mixer,Home & Kitchen,2023-08-09,Damaged packaging,Pickup from Home,3499,Wallet,Processed,3,Dissatisfied
RET50220,SN2302636,CUST10224,PRD1031,Puma Dry-Cell Training T-Shirt,Fashion,2023-08-18,Wrong colour delivered,Pickup from Home,7195.5,Credit Card,Processed,7,Dissatisfied
RET50221,SN2302647,CUST10737,PRD1059,Nilkamal Esteem Bookshelf,Home & Kitchen,2023-08-17,Damaged packaging,Pickup from Home,7199.1,UPI,Processed,6,Neutral
RET50222,SN2302690,CUST10255,PRD1012,Samsung Galaxy Tab A8 LTE,Electronics,2023-08-24,Not as described,Courier Self-Send,44998.2,UPI,Processed,2,Dissatisfied
RET50223,SN2302746,CUST10322,PRD1048,Philips HL7756 750W Mixer,Home & Kitchen,2023-08-19,Damaged packaging,Courier Self-Send,3324.05,UPI,Processed,6,Neutral
RET50224,SN2302790,CUST10625,PRD1053,Prestige Svachh Flip-Lid Pressure Cooker 5L,Home & Kitchen,2023-08-30,Product defective,Pickup from Home,1869.15,Cash on Delivery,Rejected,5,Satisfied
RET50225,SN2302793,CUST10182,PRD1050,Havells Fresco 800W OTG 19L,Home & Kitchen,2023-08-29,Damaged packaging,Pickup from Home,9998,Cash on Delivery,Processed,6,Dissatisfied
RET50226,SN2302804,CUST10567,PRD1072,Fogg Scent Xpressio EDP 100ml,Beauty,2023-08-28,Seal broken,Drop at Store,1358.3,Credit Card,Processed,2,Dissatisfied
RET50227,SN2302811,CUST10604,PRD1009,Lenovo IdeaPad Slim 3 15,Electronics,2023-08-25,Battery issue,Drop at Store,34999.3,Net Banking,Processed,1,Very Dissatisfied
RET50228,SN2302818,CUST10114,PRD1028,Van Heusen Slim Fit Chinos,Fashion,2023-08-28,Wrong colour delivered,Pickup from Home,2124.15,UPI,Processed,2,Dissatisfied
RET50229,SN2302841,CUST10697,PRD1004,Redmi Note 13 Pro 5G,Electronics,2023-08-29,Battery issue,Pickup from Home,102596.2,UPI,Pending,3,Neutral
RET50230,SN2302851,CUST10053,PRD1015,boAt Rockerz 450 Bluetooth,Electronics,2023-08-26,Wrong model delivered,Pickup from Home,3398.3,Cash on Delivery,Pending,5,Dissatisfied
RET50231,SN2302852,CUST10546,PRD1070,Maybelline Fit Me Matte Foundation,Beauty,2023-08-29,Seal broken,Drop at Store,699,UPI,Pending,1,Neutral
RET50232,SN2302866,CUST10146,PRD1019,Noise Buds VS104 TWS,Electronics,2023-09-01,Battery issue,Courier Self-Send,2078.4,Debit Card,Rejected,6,Satisfied
RET50233,SN2302894,CUST10229,PRD1086,Arihant CAT 2024 Solved Papers,Books,2023-08-24,Damaged spine,Pickup from Home,551.65,Wallet,Processed,2,Dissatisfied
RET50234,SN2302932,CUST10780,PRD1013,Apple iPad 10th Gen 64GB,Electronics,2023-09-01,Defective product,Courier Self-Send,158997,Debit Card,Processed,2,Dissatisfied
RET50235,SN2302940,CUST10143,PRD1001,Samsung Galaxy A54 5G,Electronics,2023-09-04,Not as described,Pickup from Home,28999,Wallet,Pending,4,Neutral
RET50236,SN2302958,CUST10535,PRD1086,Arihant CAT 2024 Solved Papers,Books,2023-08-29,Pages missing,Courier Self-Send,1168.2,Cash on Delivery,Processed,1,Very Dissatisfied
RET50237,SN2302975,CUST10334,PRD1007,HP Pavilion 15 Core i5 8GB,Electronics,2023-09-06,Battery issue,Drop at Store,50149.15,UPI,Pending,2,Dissatisfied
RET50238,SN2302994,CUST10428,PRD1085,Disha UPSC Prelims 20 Years Papers,Books,2023-09-04,Wrong title,Drop at Store,1797,UPI,Processed,5,Neutral
RET50239,SN2303040,CUST10251,PRD1001,Samsung Galaxy A54 5G,Electronics,2023-09-07,Screen damage in transit,Pickup from Home,24649.15,Cash on Delivery,Processed,3,Very Dissatisfied
RET50240,SN2303051,CUST10606,PRD1038,Puma Softride Enzo NXT Sneaker,Fashion,2023-09-08,Changed mind,Courier Self-Send,8098.2,Cash on Delivery,Processed,3,Dissatisfied
RET50241,SN2303052,CUST10792,PRD1040,Bata Men's Formal Derby Shoes,Fashion,2023-09-12,Size/fit issue,Drop at Store,2799,UPI,Processed,5,Dissatisfied
RET50242,SN2303067,CUST10434,PRD1003,OnePlus Nord CE 3 Lite,Electronics,2023-09-10,Battery issue,Courier Self-Send,94995.25,UPI,Processed,4,Neutral
RET50243,SN2303070,CUST10074,PRD1055,Spaces 300TC Cotton King Bedsheet,Home & Kitchen,2023-09-05,Product defective,Courier Self-Send,3998.4,UPI,Processed,1,Neutral
RET50244,SN2303078,CUST10497,PRD1026,Levi's 511 Slim Fit Jeans,Fashion,2023-09-03,Wrong colour delivered,Courier Self-Send,7198.2,Credit Card,Processed,2,Satisfied
RET50245,SN2303100,CUST10261,PRD1081,Atomic Habits – James Clear,Books,2023-09-05,Pages missing,Pickup from Home,382.5,Cash on Delivery,Processed,3,Neutral
RET50246,SN2303126,CUST10452,PRD1009,Lenovo IdeaPad Slim 3 15,Electronics,2023-09-13,Screen damage in transit,Drop at Store,37499.25,UPI,Processed,2,Very Dissatisfied
RET50247,SN2303135,CUST10055,PRD1084,Deep Work – Cal Newport,Books,2023-09-06,Pages missing,Drop at Store,599,UPI,Processed,7,Neutral
RET50248,SN2303160,CUST10530,PRD1018,boAt Airdopes 141 TWS,Electronics,2023-09-11,Defective product,Courier Self-Send,5196,UPI,Rejected,2,Neutral
RET50249,SN2303170,CUST10519,PRD1036,H&M Ribbed Jersey Dress,Fashion,2023-09-11,Fabric quality poor,Pickup from Home,6746.25,Wallet,Pending,2,Dissatisfied
RET50250,SN2303172,CUST10661,PRD1062,Dot & Key Watermelon Sleeping Mask 85g,Beauty,2023-09-12,Seal broken,Drop at Store,899,Debit Card,Processed,6,Very Dissatisfied
RET50251,SN2303191,CUST10693,PRD1077,Nike Dri-FIT Training Shorts,Sports,2023-09-14,Defective product,Drop at Store,5697.15,Debit Card,Processed,5,Satisfied
RET50252,SN2303193,CUST10467,PRD1057,Craftter Wooden Wall Clock,Home & Kitchen,2023-09-18,Wrong item,Pickup from Home,2078.4,Credit Card,Processed,4,Very Dissatisfied
RET50253,SN2303194,CUST10520,PRD1052,Hawkins Futura Non-Stick Wok 25cm,Home & Kitchen,2023-09-12,Poor build quality,Courier Self-Send,1799,EMI,Processed,6,Neutral
RET50254,SN2303199,CUST10362,PRD1029,Peter England Casual Polo T-Shirt,Fashion,2023-09-13,Size/fit issue,Pickup from Home,2208.3,Wallet,Processed,4,Dissatisfied
RET50255,SN2303203,CUST10461,PRD1079,Decathlon Quechua 10L Hiking Daypack,Sports,2023-09-12,Defective product,Drop at Store,1499,Credit Card,Processed,2,Neutral
RET50256,SN2303210,CUST10411,PRD1042,Fossil Gen 6 Hybrid Smartwatch,Fashion,2023-09-11,Wrong colour delivered,Drop at Store,12595.5,UPI,Pending,7,Dissatisfied
RET50257,SN2303213,CUST10117,PRD1039,Adidas Ultraboost 22 Shoes,Fashion,2023-09-12,Changed mind,Courier Self-Send,19598.6,UPI,Processed,6,Dissatisfied
RET50258,SN2303224,CUST10315,PRD1080,Wildcraft Camping Tent 2-Person,Sports,2023-09-19,Wrong item,Courier Self-Send,19497,Net Banking,Pending,5,Very Dissatisfied
RET50259,SN2303232,CUST10184,PRD1027,Allen Solly Formal Shirt,Fashion,2023-09-12,Changed mind,Drop at Store,5397,UPI,Rejected,3,Dissatisfied
RET50260,SN2303241,CUST10193,PRD1007,HP Pavilion 15 Core i5 8GB,Electronics,2023-09-19,Screen damage in transit,Drop at Store,47199.2,UPI,Processed,4,Very Dissatisfied
RET50261,SN2303252,CUST10287,PRD1036,H&M Ribbed Jersey Dress,Fashion,2023-09-20,Style not as shown,Courier Self-Send,1799,Debit Card,Processed,3,Dissatisfied
RET50262,SN2303260,CUST10113,PRD1026,Levi's 511 Slim Fit Jeans,Fashion,2023-09-20,Style not as shown,Pickup from Home,11997,UPI,Processed,3,Dissatisfied
RET50263,SN2303271,CUST10746,PRD1011,Acer Aspire Lite AMD Ryzen 5,Electronics,2023-09-22,Battery issue,Pickup from Home,42749.05,Net Banking,Processed,4,Very Dissatisfied
RET50264,SN2303273,CUST10500,PRD1009,Lenovo IdeaPad Slim 3 15,Electronics,2023-09-16,Defective product,Pickup from Home,49999,Debit Card,Rejected,2,Dissatisfied
RET50265,SN2303294,CUST10138,PRD1042,Fossil Gen 6 Hybrid Smartwatch,Fashion,2023-09-20,Changed mind,Courier Self-Send,35687.25,Debit Card,Pending,5,Dissatisfied
RET50266,SN2303299,CUST10565,PRD1084,Deep Work – Cal Newport,Books,2023-09-23,Wrong title,Pickup from Home,958.4,Wallet,Processed,5,Satisfied
RET50267,SN2303331,CUST10397,PRD1030,H&M Regular Fit Linen Shirt,Fashion,2023-09-23,Style not as shown,Drop at Store,1349.25,Cash on Delivery,Rejected,5,Satisfied
RET50268,SN2303343,CUST10061,PRD1045,American Tourister Trolley Bag 68cm,Fashion,2023-09-30,Fabric quality poor,Courier Self-Send,29745.75,EMI,Processed,3,Neutral
RET50269,SN2303374,CUST10474,PRD1007,HP Pavilion 15 Core i5 8GB,Electronics,2023-10-03,Wrong model delivered,Courier Self-Send,58999,EMI,Processed,1,Dissatisfied
RET50270,SN2303380,CUST10766,PRD1047,Prestige Iris 750W Mixer Grinder,Home & Kitchen,2023-09-27,Wrong item,Drop at Store,3999,UPI,Processed,4,Dissatisfied
RET50271,SN2303381,CUST10150,PRD1019,Noise Buds VS104 TWS,Electronics,2023-10-01,Wrong model delivered,Courier Self-Send,5196,UPI,Processed,7,Dissatisfied
RET50272,SN2303394,CUST10477,PRD1009,Lenovo IdeaPad Slim 3 15,Electronics,2023-09-26,Screen damage in transit,Drop at Store,49999,Credit Card,Processed,1,Neutral
RET50273,SN2303407,CUST10008,PRD1041,Skechers GOwalk 6 Slip-On,Fashion,2023-10-02,Wrong colour delivered,Pickup from Home,4749.05,UPI,Processed,3,Neutral
RET50274,SN2303410,CUST10438,PRD1067,Indulekha Bringha Hair Oil 100ml,Beauty,2023-09-30,Allergic reaction,Courier Self-Send,1078.2,UPI,Processed,3,Neutral
RET50275,SN2303420,CUST10423,PRD1051,Morphy Richards Instacook 700W MW,Home & Kitchen,2023-09-24,Product defective,Courier Self-Send,7499.25,Debit Card,Pending,4,Dissatisfied
RET50276,SN2303424,CUST10374,PRD1076,Durafit Spark Cycle 21kg Flywheel,Sports,2023-10-02,Changed mind,Pickup from Home,79797.15,Credit Card,Rejected,7,Neutral
RET50277,SN2303432,CUST10510,PRD1077,Nike Dri-FIT Training Shorts,Sports,2023-10-02,Wrong item,Drop at Store,3398.3,Credit Card,Processed,6,Neutral
RET50278,SN2303445,CUST10564,PRD1012,Samsung Galaxy Tab A8 LTE,Electronics,2023-10-10,Not as described,Drop at Store,37498.5,Wallet,Pending,7,Dissatisfied
RET50279,SN2303456,CUST10167,PRD1038,Puma Softride Enzo NXT Sneaker,Fashion,2023-10-01,Changed mind,Courier Self-Send,12147.3,EMI,Processed,1,Very Dissatisfied
RET50280,SN2303484,CUST10289,PRD1071,SUGAR Matte Attack Transferproof Lipstick,Beauty,2023-10-03,Fake/counterfeit suspected,Drop at Store,899,UPI,Rejected,2,Dissatisfied
RET50281,SN2303485,CUST10799,PRD1021,boAt Wave Flex Connect,Electronics,2023-10-01,Wrong model delivered,Pickup from Home,1699.15,Cash on Delivery,Processed,5,Very Dissatisfied
RET50282,SN2303491,CUST10410,PRD1049,Bajaj Majesty 2L Induction Cooktop,Home & Kitchen,2023-10-04,Wrong item,Drop at Store,2969.1,EMI,Processed,1,Very Dissatisfied
RET50283,SN2303492,CUST10665,PRD1012,Samsung Galaxy Tab A8 LTE,Electronics,2023-10-15,Not as described,Pickup from Home,24999,UPI,Processed,3,Very Dissatisfied
RET50284,SN2303502,CUST10592,PRD1060,Pepperfry Solid Wood Study Table,Home & Kitchen,2023-09-30,Changed mind,Drop at Store,61745.25,UPI,Processed,1,Dissatisfied
RET50285,SN2303526,CUST10293,PRD1082,The Alchemist – Paulo Coelho,Books,2023-10-10,Wrong title,Pickup from Home,350,Debit Card,Processed,2,Neutral
RET50286,SN2303535,CUST10469,PRD1056,Bombay Dyeing Microfibre Comforter,Home & Kitchen,2023-10-05,Product defective,Pickup from Home,7998,Cash on Delivery,Processed,2,Dissatisfied
RET50287,SN2303540,CUST10645,PRD1084,Deep Work – Cal Newport,Books,2023-10-03,Damaged spine,Courier Self-Send,599,UPI,Processed,6,Satisfied
RET50288,SN2303548,CUST10653,PRD1070,Maybelline Fit Me Matte Foundation,Beauty,2023-10-11,Seal broken,Pickup from Home,699,UPI,Processed,2,Dissatisfied
RET50289,SN2303556,CUST10453,PRD1031,Puma Dry-Cell Training T-Shirt,Fashion,2023-10-04,Fabric quality poor,Pickup from Home,6396,EMI,Processed,7,Dissatisfied
RET50290,SN2303558,CUST10672,PRD1072,Fogg Scent Xpressio EDP 100ml,Beauty,2023-10-13,Allergic reaction,Pickup from Home,759.05,UPI,Processed,5,Neutral
RET50291,SN2303582,CUST10055,PRD1058,Ivyspace Artificial Plant Set of 3,Home & Kitchen,2023-10-10,Damaged packaging,Pickup from Home,899.1,Cash on Delivery,Processed,3,Neutral
RET50292,SN2303603,CUST10069,PRD1039,Adidas Ultraboost 22 Shoes,Fashion,2023-10-13,Style not as shown,Drop at Store,13999,Debit Card,Processed,7,Satisfied
RET50293,SN2303605,CUST10193,PRD1041,Skechers GOwalk 6 Slip-On,Fashion,2023-10-14,Size/fit issue,Drop at Store,2999.4,Credit Card,Processed,5,Very Dissatisfied
RET50294,SN2303608,CUST10255,PRD1017,JBL Tune 760NC Headphone,Electronics,2023-10-09,Not as described,Courier Self-Send,7599.05,EMI,Processed,6,Very Dissatisfied
RET50295,SN2303646,CUST10404,PRD1076,Durafit Spark Cycle 21kg Flywheel,Sports,2023-10-09,Build quality poor,Courier Self-Send,26599.05,Credit Card,Processed,6,Neutral
RET50296,SN2303650,CUST10004,PRD1071,SUGAR Matte Attack Transferproof Lipstick,Beauty,2023-10-12,Seal broken,Pickup from Home,1618.2,UPI,Processed,7,Neutral
RET50297,SN2303655,CUST10712,PRD1050,Havells Fresco 800W OTG 19L,Home & Kitchen,2023-10-12,Poor build quality,Drop at Store,19996,Credit Card,Processed,6,Dissatisfied
RET50298,SN2303670,CUST10330,PRD1074,Cosco Treadmill CTM-101,Sports,2023-10-13,Defective product,Courier Self-Send,35998.8,UPI,Pending,1,Neutral
RET50299,SN2303720,CUST10515,PRD1016,Sony WH-1000XM5 Wireless,Electronics,2023-10-18,Wrong model delivered,Drop at Store,27199.15,EMI,Processed,5,Dissatisfied
RET50300,SN2303748,CUST10485,PRD1082,The Alchemist – Paulo Coelho,Books,2023-10-17,Damaged spine,Drop at Store,280,Net Banking,Processed,6,Neutral
RET50301,SN2303757,CUST10441,PRD1056,Bombay Dyeing Microfibre Comforter,Home & Kitchen,2023-10-14,Product defective,Courier Self-Send,6798.3,Cash on Delivery,Pending,7,Dissatisfied
RET50302,SN2303761,CUST10045,PRD1070,Maybelline Fit Me Matte Foundation,Beauty,2023-10-20,Wrong variant,Pickup from Home,559.2,Cash on Delivery,Pending,7,Dissatisfied
RET50303,SN2303776,CUST10243,PRD1024,Canon EOS 1500D DSLR Kit,Electronics,2023-10-20,Screen damage in transit,Pickup from Home,44999,UPI,Pending,6,Very Dissatisfied
RET50304,SN2303805,CUST10754,PRD1009,Lenovo IdeaPad Slim 3 15,Electronics,2023-10-22,Battery issue,Courier Self-Send,59998.8,Credit Card,Processed,7,Neutral
RET50305,SN2303823,CUST10094,PRD1002,Apple iPhone 14 128GB,Electronics,2023-10-14,Screen damage in transit,Drop at Store,75999.05,Cash on Delivery,Pending,1,Dissatisfied
RET50306,SN2303831,CUST10027,PRD1009,Lenovo IdeaPad Slim 3 15,Electronics,2023-10-17,Screen damage in transit,Drop at Store,44999.1,Credit Card,Processed,3,Dissatisfied
RET50307,SN2303848,CUST10434,PRD1077,Nike Dri-FIT Training Shorts,Sports,2023-10-14,Wrong item,Drop at Store,1799.1,Debit Card,Processed,2,Neutral
RET50308,SN2303886,CUST10749,PRD1069,Lakme Absolute Mousse Foundation,Beauty,2023-10-16,Fake/counterfeit suspected,Drop at Store,1358.3,Net Banking,Processed,4,Neutral
RET50309,SN2303893,CUST10644,PRD1028,Van Heusen Slim Fit Chinos,Fashion,2023-10-12,Wrong colour delivered,Courier Self-Send,2249.1,Debit Card,Processed,5,Dissatisfied
RET50310,SN2303915,CUST10772,PRD1074,Cosco Treadmill CTM-101,Sports,2023-10-15,Build quality poor,Pickup from Home,22499.25,Cash on Delivery,Processed,1,Very Dissatisfied
RET50311,SN2303925,CUST10548,PRD1060,Pepperfry Solid Wood Study Table,Home & Kitchen,2023-10-20,Product defective,Pickup from Home,10399.2,Credit Card,Processed,1,Satisfied
RET50312,SN2303943,CUST10213,PRD1074,Cosco Treadmill CTM-101,Sports,2023-10-19,Size issue,Drop at Store,25499.15,UPI,Pending,7,Neutral
RET50313,SN2303956,CUST10467,PRD1033,W Ethnic Wear Kurta Set,Fashion,2023-10-14,Wrong colour delivered,Drop at Store,1609.3,Cash on Delivery,Processed,3,Dissatisfied
RET50314,SN2303958,CUST10052,PRD1080,Wildcraft Camping Tent 2-Person,Sports,2023-10-13,Size issue,Pickup from Home,6499,Credit Card,Processed,7,Neutral
RET50315,SN2303971,CUST10307,PRD1011,Acer Aspire Lite AMD Ryzen 5,Electronics,2023-10-24,Screen damage in transit,Drop at Store,67498.5,Wallet,Processed,4,Very Dissatisfied
RET50316,SN2303977,CUST10758,PRD1045,American Tourister Trolley Bag 68cm,Fashion,2023-10-13,Style not as shown,Pickup from Home,5599.2,Credit Card,Processed,4,Dissatisfied
RET50317,SN2304075,CUST10457,PRD1011,Acer Aspire Lite AMD Ryzen 5,Electronics,2023-10-25,Not as described,Drop at Store,40499.1,UPI,Processed,7,Satisfied
RET50318,SN2304117,CUST10750,PRD1057,Craftter Wooden Wall Clock,Home & Kitchen,2023-10-21,Damaged packaging,Pickup from Home,1039.2,UPI,Processed,2,Neutral
RET50319,SN2304125,CUST10230,PRD1019,Noise Buds VS104 TWS,Electronics,2023-10-29,Defective product,Courier Self-Send,1104.15,Credit Card,Pending,3,Very Dissatisfied
RET50320,SN2304126,CUST10560,PRD1008,Dell Inspiron 15 Core i7,Electronics,2023-10-24,Not as described,Courier Self-Send,112498.5,Wallet,Pending,3,Neutral
RET50321,SN2304144,CUST10340,PRD1054,Wonderchef Ebony Non-Stick Tawa 30cm,Home & Kitchen,2023-10-23,Wrong item,Courier Self-Send,2998,Debit Card,Processed,1,Satisfied
RET50322,SN2304145,CUST10408,PRD1042,Fossil Gen 6 Hybrid Smartwatch,Fashion,2023-10-16,Style not as shown,Pickup from Home,16794,Credit Card,Processed,5,Very Dissatisfied
RET50323,SN2304161,CUST10184,PRD1062,Dot & Key Watermelon Sleeping Mask 85g,Beauty,2023-10-14,Seal broken,Drop at Store,764.15,Debit Card,Processed,2,Very Dissatisfied
RET50324,SN2304165,CUST10155,PRD1071,SUGAR Matte Attack Transferproof Lipstick,Beauty,2023-10-21,Changed mind,Courier Self-Send,854.05,Net Banking,Processed,1,Satisfied
RET50325,SN2304167,CUST10041,PRD1021,boAt Wave Flex Connect,Electronics,2023-10-25,Battery issue,Drop at Store,3798.1,Credit Card,Processed,1,Neutral
RET50326,SN2304193,CUST10305,PRD1010,Asus VivoBook 16X OLED,Electronics,2023-10-17,Wrong model delivered,Drop at Store,48749.25,UPI,Processed,3,Dissatisfied
RET50327,SN2304201,CUST10632,PRD1067,Indulekha Bringha Hair Oil 100ml,Beauty,2023-10-20,Allergic reaction,Pickup from Home,838.6,UPI,Processed,2,Dissatisfied
RET50328,SN2304237,CUST10656,PRD1067,Indulekha Bringha Hair Oil 100ml,Beauty,2023-10-20,Changed mind,Pickup from Home,419.3,UPI,Processed,5,Neutral
RET50329,SN2304239,CUST10763,PRD1032,BIBA Floral Printed Kurta,Fashion,2023-10-24,Size/fit issue,Courier Self-Send,1139.4,UPI,Processed,4,Very Dissatisfied
RET50330,SN2304240,CUST10055,PRD1086,Arihant CAT 2024 Solved Papers,Books,2023-10-15,Pages missing,Drop at Store,584.1,UPI,Processed,1,Dissatisfied
RET50331,SN2304250,CUST10460,PRD1039,Adidas Ultraboost 22 Shoes,Fashion,2023-10-22,Style not as shown,Courier Self-Send,11199.2,UPI,Processed,4,Dissatisfied
RET50332,SN2304271,CUST10001,PRD1018,boAt Airdopes 141 TWS,Electronics,2023-10-21,Not as described,Drop at Store,1104.15,UPI,Processed,5,Satisfied
RET50333,SN2304296,CUST10309,PRD1061,Mamaearth Vitamin C Face Wash 100ml,Beauty,2023-10-23,Changed mind,Drop at Store,837.9,Net Banking,Processed,7,Dissatisfied
RET50334,SN2304297,CUST10384,PRD1066,Mamaearth Onion Hair Oil 150ml,Beauty,2023-10-21,Allergic reaction,Courier Self-Send,359.2,Wallet,Processed,2,Very Dissatisfied
RET50335,SN2304307,CUST10616,PRD1027,Allen Solly Formal Shirt,Fashion,2023-10-25,Fabric quality poor,Drop at Store,1079.4,Cash on Delivery,Processed,7,Neutral
RET50336,SN2304311,CUST10755,PRD1055,Spaces 300TC Cotton King Bedsheet,Home & Kitchen,2023-10-18,Damaged packaging,Pickup from Home,4748.1,Debit Card,Processed,5,Dissatisfied
RET50337,SN2304323,CUST10545,PRD1045,American Tourister Trolley Bag 68cm,Fashion,2023-10-24,Size/fit issue,Drop at Store,12598.2,Credit Card,Processed,7,Dissatisfied
RET50338,SN2304329,CUST10596,PRD1056,Bombay Dyeing Microfibre Comforter,Home & Kitchen,2023-10-28,Changed mind,Courier Self-Send,10797.3,Credit Card,Processed,3,Dissatisfied
RET50339,SN2304336,CUST10630,PRD1075,Kore Pvc 30kg Weight Set,Sports,2023-10-17,Build quality poor,Courier Self-Send,5598.4,UPI,Processed,5,Neutral
RET50340,SN2304359,CUST10306,PRD1061,Mamaearth Vitamin C Face Wash 100ml,Beauty,2023-10-21,Wrong variant,Pickup from Home,319.2,Cash on Delivery,Pending,1,Dissatisfied
RET50341,SN2304395,CUST10213,PRD1083,Ikigai – Francesc Miralles,Books,2023-10-16,Pages missing,Courier Self-Send,598.5,UPI,Processed,6,Neutral
RET50342,SN2304442,CUST10036,PRD1086,Arihant CAT 2024 Solved Papers,Books,2023-10-26,Duplicate order,Courier Self-Send,551.65,UPI,Rejected,7,Very Dissatisfied
RET50343,SN2304455,CUST10217,PRD1050,Havells Fresco 800W OTG 19L,Home & Kitchen,2023-10-17,Poor build quality,Courier Self-Send,2999.4,UPI,Processed,4,Dissatisfied
RET50344,SN2304469,CUST10353,PRD1006,Realme 12 Pro+ 5G,Electronics,2023-10-28,Battery issue,Drop at Store,22399.2,EMI,Processed,2,Very Dissatisfied
RET50345,SN2304472,CUST10510,PRD1032,BIBA Floral Printed Kurta,Fashion,2023-10-24,Fabric quality poor,Courier Self-Send,3038.4,UPI,Processed,7,Very Dissatisfied
RET50346,SN2304482,CUST10340,PRD1028,Van Heusen Slim Fit Chinos,Fashion,2023-10-22,Wrong colour delivered,Courier Self-Send,2124.15,EMI,Pending,2,Dissatisfied
RET50347,SN2304506,CUST10663,PRD1082,The Alchemist – Paulo Coelho,Books,2023-10-20,Damaged spine,Courier Self-Send,297.5,Debit Card,Processed,1,Neutral
RET50348,SN2304509,CUST10648,PRD1012,Samsung Galaxy Tab A8 LTE,Electronics,2023-10-30,Wrong model delivered,Pickup from Home,67497.3,Cash on Delivery,Processed,3,Neutral
RET50349,SN2304510,CUST10756,PRD1024,Canon EOS 1500D DSLR Kit,Electronics,2023-10-27,Screen damage in transit,Pickup from Home,33749.25,Cash on Delivery,Processed,2,Satisfied
RET50350,SN2304515,CUST10726,PRD1017,JBL Tune 760NC Headphone,Electronics,2023-10-29,Battery issue,Pickup from Home,30396.2,EMI,Processed,3,Very Dissatisfied
RET50351,SN2304517,CUST10521,PRD1007,HP Pavilion 15 Core i5 8GB,Electronics,2023-10-29,Not as described,Courier Self-Send,41299.3,Debit Card,Pending,4,Neutral
RET50352,SN2304519,CUST10433,PRD1066,Mamaearth Onion Hair Oil 150ml,Beauty,2023-10-28,Allergic reaction,Drop at Store,1706.2,Credit Card,Processed,3,Neutral
RET50353,SN2304527,CUST10086,PRD1045,American Tourister Trolley Bag 68cm,Fashion,2023-10-25,Size/fit issue,Pickup from Home,6299.1,UPI,Processed,2,Dissatisfied
RET50354,SN2304552,CUST10102,PRD1017,JBL Tune 760NC Headphone,Electronics,2023-10-24,Wrong model delivered,Pickup from Home,4799.4,Credit Card,Processed,5,Satisfied
RET50355,SN2304555,CUST10068,PRD1068,TRESemmé Keratin Smooth Shampoo 580ml,Beauty,2023-10-26,Seal broken,Courier Self-Send,594.15,EMI,Pending,4,Satisfied
RET50356,SN2304568,CUST10744,PRD1037,Nike Air Max 270 Running Shoes,Fashion,2023-10-21,Wrong colour delivered,Drop at Store,5999.4,Debit Card,Processed,7,Neutral
RET50357,SN2304570,CUST10375,PRD1051,Morphy Richards Instacook 700W MW,Home & Kitchen,2023-10-19,Damaged packaging,Drop at Store,7999.2,Net Banking,Processed,6,Dissatisfied
RET50358,SN2304577,CUST10359,PRD1054,Wonderchef Ebony Non-Stick Tawa 30cm,Home & Kitchen,2023-10-18,Product defective,Courier Self-Send,1499,Net Banking,Processed,3,Neutral
RET50359,SN2304609,CUST10384,PRD1034,Aurelia Embroidered Salwar Suit,Fashion,2023-10-19,Changed mind,Courier Self-Send,2319.2,Credit Card,Pending,7,Neutral
RET50360,SN2304634,CUST10772,PRD1031,Puma Dry-Cell Training T-Shirt,Fashion,2023-10-18,Fabric quality poor,Courier Self-Send,1519.05,Credit Card,Pending,4,Dissatisfied
RET50361,SN2304649,CUST10775,PRD1041,Skechers GOwalk 6 Slip-On,Fashion,2023-10-17,Fabric quality poor,Courier Self-Send,16996.6,Credit Card,Processed,6,Neutral
RET50362,SN2304651,CUST10551,PRD1063,Minimalist 10% Niacinamide Serum 30ml,Beauty,2023-10-24,Allergic reaction,Courier Self-Send,419.4,UPI,Processed,4,Very Dissatisfied
RET50363,SN2304659,CUST10463,PRD1059,Nilkamal Esteem Bookshelf,Home & Kitchen,2023-10-27,Poor build quality,Drop at Store,9598.8,Debit Card,Processed,6,Neutral
RET50364,SN2304669,CUST10769,PRD1011,Acer Aspire Lite AMD Ryzen 5,Electronics,2023-11-05,Defective product,Pickup from Home,107997.6,UPI,Processed,3,Very Dissatisfied
RET50365,SN2304716,CUST10303,PRD1048,Philips HL7756 750W Mixer,Home & Kitchen,2023-10-24,Damaged packaging,Drop at Store,9972.15,UPI,Processed,5,Neutral
RET50366,SN2304719,CUST10581,PRD1017,JBL Tune 760NC Headphone,Electronics,2023-10-26,Screen damage in transit,Drop at Store,20397.45,Debit Card,Processed,2,Dissatisfied
RET50367,SN2304725,CUST10326,PRD1023,Fitbit Charge 6,Electronics,2023-10-28,Screen damage in transit,Pickup from Home,18999,UPI,Processed,7,Very Dissatisfied
RET50368,SN2304751,CUST10503,PRD1025,Sony Alpha ZV-E10L Mirrorless,Electronics,2023-10-30,Screen damage in transit,Courier Self-Send,271996.6,Wallet,Processed,2,Satisfied
RET50369,SN2304756,CUST10321,PRD1041,Skechers GOwalk 6 Slip-On,Fashion,2023-10-23,Wrong colour delivered,Courier Self-Send,3999.2,EMI,Processed,5,Dissatisfied
RET50370,SN2304758,CUST10499,PRD1052,Hawkins Futura Non-Stick Wok 25cm,Home & Kitchen,2023-10-26,Wrong item,Courier Self-Send,3598,Debit Card,Processed,1,Satisfied
RET50371,SN2304771,CUST10718,PRD1077,Nike Dri-FIT Training Shorts,Sports,2023-10-30,Build quality poor,Courier Self-Send,1699.15,UPI,Processed,5,Dissatisfied
RET50372,SN2304773,CUST10483,PRD1041,Skechers GOwalk 6 Slip-On,Fashion,2023-10-23,Size/fit issue,Drop at Store,8498.3,Credit Card,Rejected,5,Dissatisfied
RET50373,SN2304780,CUST10489,PRD1066,Mamaearth Onion Hair Oil 150ml,Beauty,2023-11-03,Fake/counterfeit suspected,Courier Self-Send,314.3,UPI,Pending,2,Dissatisfied
RET50374,SN2304806,CUST10268,PRD1022,Samsung Galaxy Watch 6,Electronics,2023-11-05,Battery issue,Pickup from Home,80997.3,Wallet,Processed,1,Dissatisfied
RET50375,SN2304827,CUST10058,PRD1001,Samsung Galaxy A54 5G,Electronics,2023-11-01,Screen damage in transit,Drop at Store,23199.2,Credit Card,Processed,2,Neutral
RET50376,SN2304840,CUST10538,PRD1023,Fitbit Charge 6,Electronics,2023-10-29,Not as described,Courier Self-Send,11399.4,UPI,Processed,6,Very Dissatisfied
RET50377,SN2304846,CUST10029,PRD1031,Puma Dry-Cell Training T-Shirt,Fashion,2023-11-03,Wrong colour delivered,Drop at Store,3198,Credit Card,Processed,6,Neutral
RET50378,SN2304847,CUST10693,PRD1031,Puma Dry-Cell Training T-Shirt,Fashion,2023-10-31,Wrong colour delivered,Pickup from Home,1439.1,Cash on Delivery,Processed,5,Neutral
RET50379,SN2304920,CUST10468,PRD1037,Nike Air Max 270 Running Shoes,Fashion,2023-10-29,Size/fit issue,Drop at Store,34996.5,EMI,Processed,3,Neutral
RET50380,SN2304929,CUST10455,PRD1019,Noise Buds VS104 TWS,Electronics,2023-11-03,Defective product,Pickup from Home,1104.15,Net Banking,Processed,4,Satisfied
RET50381,SN2304937,CUST10318,PRD1031,Puma Dry-Cell Training T-Shirt,Fashion,2023-11-06,Style not as shown,Drop at Store,2398.5,Cash on Delivery,Processed,1,Very Dissatisfied
RET50382,SN2304941,CUST10526,PRD1031,Puma Dry-Cell Training T-Shirt,Fashion,2023-10-27,Wrong colour delivered,Courier Self-Send,2398.5,UPI,Rejected,6,Satisfied
RET50383,SN2304947,CUST10783,PRD1047,Prestige Iris 750W Mixer Grinder,Home & Kitchen,2023-11-01,Product defective,Courier Self-Send,2799.3,Debit Card,Processed,4,Dissatisfied
RET50384,SN2304950,CUST10001,PRD1052,Hawkins Futura Non-Stick Wok 25cm,Home & Kitchen,2023-11-05,Damaged packaging,Courier Self-Send,1529.15,Cash on Delivery,Processed,5,Satisfied
RET50385,SN2304951,CUST10003,PRD1055,Spaces 300TC Cotton King Bedsheet,Home & Kitchen,2023-11-05,Changed mind,Drop at Store,2249.1,UPI,Pending,7,Dissatisfied
RET50386,SN2304989,CUST10133,PRD1068,TRESemmé Keratin Smooth Shampoo 580ml,Beauty,2023-10-31,Wrong variant,Courier Self-Send,1782.45,Credit Card,Processed,7,Dissatisfied
RET50387,SN2305014,CUST10712,PRD1041,Skechers GOwalk 6 Slip-On,Fashion,2023-11-09,Wrong colour delivered,Pickup from Home,3749.25,UPI,Processed,7,Neutral
RET50388,SN2305018,CUST10760,PRD1057,Craftter Wooden Wall Clock,Home & Kitchen,2023-11-05,Damaged packaging,Courier Self-Send,2208.3,UPI,Processed,3,Dissatisfied
RET50389,SN2305020,CUST10036,PRD1064,Plum Green Tea Pore Cleansing Face Wash,Beauty,2023-11-03,Seal broken,Courier Self-Send,1996,EMI,Processed,4,Neutral
RET50390,SN2305029,CUST10793,PRD1068,TRESemmé Keratin Smooth Shampoo 580ml,Beauty,2023-11-05,Allergic reaction,Drop at Store,1118.4,Cash on Delivery,Processed,1,Satisfied
RET50391,SN2305032,CUST10371,PRD1042,Fossil Gen 6 Hybrid Smartwatch,Fashion,2023-11-09,Fabric quality poor,Drop at Store,35687.25,Debit Card,Processed,1,Very Dissatisfied
RET50392,SN2305040,CUST10587,PRD1046,Lavie Women Tote Handbag,Fashion,2023-11-08,Style not as shown,Pickup from Home,1079.4,Credit Card,Processed,2,Dissatisfied
RET50393,SN2305048,CUST10462,PRD1063,Minimalist 10% Niacinamide Serum 30ml,Beauty,2023-11-09,Wrong variant,Pickup from Home,489.3,EMI,Processed,1,Neutral
RET50394,SN2305067,CUST10299,PRD1058,Ivyspace Artificial Plant Set of 3,Home & Kitchen,2023-11-10,Changed mind,Drop at Store,749.25,UPI,Processed,5,Neutral
RET50395,SN2305075,CUST10203,PRD1082,The Alchemist – Paulo Coelho,Books,2023-11-12,Pages missing,Drop at Store,560,Credit Card,Pending,2,Dissatisfied
RET50396,SN2305089,CUST10232,PRD1029,Peter England Casual Polo T-Shirt,Fashion,2023-11-11,Size/fit issue,Pickup from Home,1818.6,UPI,Processed,4,Neutral
RET50397,SN2305091,CUST10123,PRD1015,boAt Rockerz 450 Bluetooth,Electronics,2023-11-09,Not as described,Courier Self-Send,5597.2,EMI,Processed,4,Dissatisfied
RET50398,SN2305094,CUST10645,PRD1028,Van Heusen Slim Fit Chinos,Fashion,2023-11-08,Style not as shown,Pickup from Home,9496.2,EMI,Processed,7,Satisfied
RET50399,SN2305140,CUST10611,PRD1044,Wildcraft 35L Hiking Backpack,Fashion,2023-11-03,Size/fit issue,Courier Self-Send,1999.2,Net Banking,Processed,1,Dissatisfied
RET50400,SN2305155,CUST10223,PRD1073,Wild Stone Gold EDT 50ml,Beauty,2023-11-12,Seal broken,Pickup from Home,1707.15,UPI,Processed,1,Neutral
RET50401,SN2305160,CUST10288,PRD1006,Realme 12 Pro+ 5G,Electronics,2023-11-14,Wrong model delivered,Courier Self-Send,26599.05,UPI,Pending,3,Very Dissatisfied
RET50402,SN2305172,CUST10299,PRD1011,Acer Aspire Lite AMD Ryzen 5,Electronics,2023-11-15,Not as described,Drop at Store,53998.8,Credit Card,Processed,3,Dissatisfied
RET50403,SN2305179,CUST10438,PRD1076,Durafit Spark Cycle 21kg Flywheel,Sports,2023-11-13,Changed mind,Courier Self-Send,83997,UPI,Rejected,6,Neutral
RET50404,SN2305182,CUST10002,PRD1016,Sony WH-1000XM5 Wireless,Electronics,2023-11-15,Wrong model delivered,Drop at Store,71997.75,UPI,Processed,5,Dissatisfied
RET50405,SN2305187,CUST10179,PRD1046,Lavie Women Tote Handbag,Fashion,2023-11-08,Changed mind,Drop at Store,1259.3,UPI,Processed,2,Dissatisfied
RET50406,SN2305204,CUST10318,PRD1005,Vivo V29 Pro 5G,Electronics,2023-11-13,Wrong model delivered,Courier Self-Send,140596.2,Cash on Delivery,Pending,4,Neutral
RET50407,SN2305213,CUST10433,PRD1009,Lenovo IdeaPad Slim 3 15,Electronics,2023-11-08,Wrong model delivered,Courier Self-Send,39999.2,Credit Card,Processed,3,Neutral
RET50408,SN2305216,CUST10089,PRD1025,Sony Alpha ZV-E10L Mirrorless,Electronics,2023-11-14,Screen damage in transit,Courier Self-Send,67999.15,Net Banking,Pending,3,Very Dissatisfied
RET50409,SN2305229,CUST10508,PRD1042,Fossil Gen 6 Hybrid Smartwatch,Fashion,2023-11-12,Changed mind,Courier Self-Send,22392,Debit Card,Processed,5,Satisfied
RET50410,SN2305230,CUST10036,PRD1084,Deep Work – Cal Newport,Books,2023-11-11,Pages missing,Pickup from Home,1198,Cash on Delivery,Rejected,1,Very Dissatisfied
RET50411,SN2305260,CUST10657,PRD1084,Deep Work – Cal Newport,Books,2023-11-15,Wrong title,Courier Self-Send,359.4,UPI,Processed,6,Satisfied
RET50412,SN2305301,CUST10508,PRD1065,Cetaphil Moisturising Cream 250g,Beauty,2023-11-17,Fake/counterfeit suspected,Pickup from Home,559.2,EMI,Processed,5,Dissatisfied
RET50413,SN2305305,CUST10146,PRD1003,OnePlus Nord CE 3 Lite,Electronics,2023-11-12,Wrong model delivered,Pickup from Home,16999.15,Credit Card,Processed,7,Very Dissatisfied
RET50414,SN2305327,CUST10492,PRD1070,Maybelline Fit Me Matte Foundation,Beauty,2023-11-15,Fake/counterfeit suspected,Drop at Store,594.15,Debit Card,Processed,1,Dissatisfied
RET50415,SN2305346,CUST10517,PRD1060,Pepperfry Solid Wood Study Table,Home & Kitchen,2023-11-10,Changed mind,Drop at Store,29247.75,Cash on Delivery,Pending,4,Neutral
RET50416,SN2305388,CUST10166,PRD1036,H&M Ribbed Jersey Dress,Fashion,2023-11-14,Changed mind,Drop at Store,3238.2,Credit Card,Processed,5,Neutral
RET50417,SN2305389,CUST10361,PRD1068,TRESemmé Keratin Smooth Shampoo 580ml,Beauty,2023-11-13,Wrong variant,Drop at Store,1887.3,Credit Card,Processed,4,Neutral
RET50418,SN2305400,CUST10038,PRD1066,Mamaearth Onion Hair Oil 150ml,Beauty,2023-11-08,Allergic reaction,Courier Self-Send,808.2,Credit Card,Pending,4,Satisfied
RET50419,SN2305410,CUST10538,PRD1023,Fitbit Charge 6,Electronics,2023-11-12,Screen damage in transit,Drop at Store,15199.2,UPI,Processed,2,Satisfied
RET50420,SN2305425,CUST10408,PRD1049,Bajaj Majesty 2L Induction Cooktop,Home & Kitchen,2023-11-17,Changed mind,Drop at Store,2639.2,Debit Card,Processed,3,Very Dissatisfied
RET50421,SN2305427,CUST10422,PRD1055,Spaces 300TC Cotton King Bedsheet,Home & Kitchen,2023-11-08,Product defective,Drop at Store,9996,Credit Card,Processed,5,Satisfied
RET50422,SN2305444,CUST10006,PRD1032,BIBA Floral Printed Kurta,Fashion,2023-11-13,Changed mind,Drop at Store,5127.3,Credit Card,Pending,5,Neutral
RET50423,SN2305464,CUST10282,PRD1078,Adidas Aeroready Training Tights,Sports,2023-11-14,Changed mind,Drop at Store,2239.2,UPI,Processed,5,Neutral
RET50424,SN2305469,CUST10457,PRD1062,Dot & Key Watermelon Sleeping Mask 85g,Beauty,2023-11-12,Allergic reaction,Pickup from Home,1618.2,Credit Card,Processed,6,Very Dissatisfied
RET50425,SN2305515,CUST10243,PRD1019,Noise Buds VS104 TWS,Electronics,2023-11-11,Wrong model delivered,Courier Self-Send,1299,Cash on Delivery,Processed,5,Dissatisfied
RET50426,SN2305532,CUST10369,PRD1020,Noise ColorFit Pro 4,Electronics,2023-11-14,Not as described,Drop at Store,8997,Debit Card,Pending,7,Dissatisfied
RET50427,SN2305553,CUST10319,PRD1027,Allen Solly Formal Shirt,Fashion,2023-11-11,Fabric quality poor,Pickup from Home,3238.2,UPI,Processed,2,Neutral
RET50428,SN2305577,CUST10139,PRD1073,Wild Stone Gold EDT 50ml,Beauty,2023-11-15,Seal broken,Drop at Store,509.15,Debit Card,Processed,2,Satisfied
RET50429,SN2305614,CUST10793,PRD1035,Zara Flowy Midi Dress,Fashion,2023-11-12,Style not as shown,Drop at Store,3399.15,Credit Card,Rejected,3,Dissatisfied
RET50430,SN2305618,CUST10664,PRD1010,Asus VivoBook 16X OLED,Electronics,2023-11-17,Defective product,Drop at Store,61749.05,UPI,Processed,4,Neutral
RET50431,SN2305632,CUST10333,PRD1032,BIBA Floral Printed Kurta,Fashion,2023-11-13,Size/fit issue,Drop at Store,1519.2,Credit Card,Processed,2,Dissatisfied
RET50432,SN2305654,CUST10331,PRD1077,Nike Dri-FIT Training Shorts,Sports,2023-11-18,Build quality poor,Pickup from Home,6996.5,Debit Card,Processed,1,Neutral
RET50433,SN2305656,CUST10615,PRD1022,Samsung Galaxy Watch 6,Electronics,2023-11-21,Defective product,Courier Self-Send,26999.1,Cash on Delivery,Processed,1,Dissatisfied
RET50434,SN2305668,CUST10078,PRD1022,Samsung Galaxy Watch 6,Electronics,2023-11-16,Wrong model delivered,Courier Self-Send,89997,Debit Card,Processed,6,Neutral
RET50435,SN2305670,CUST10748,PRD1059,Nilkamal Esteem Bookshelf,Home & Kitchen,2023-11-16,Wrong item,Courier Self-Send,31996,UPI,Rejected,5,Neutral
RET50436,SN2305675,CUST10283,PRD1061,Mamaearth Vitamin C Face Wash 100ml,Beauty,2023-11-16,Allergic reaction,Courier Self-Send,1197,Cash on Delivery,Processed,1,Dissatisfied
RET50437,SN2305681,CUST10793,PRD1044,Wildcraft 35L Hiking Backpack,Fashion,2023-11-16,Changed mind,Courier Self-Send,1999.2,UPI,Processed,6,Neutral
RET50438,SN2305682,CUST10436,PRD1033,W Ethnic Wear Kurta Set,Fashion,2023-11-15,Size/fit issue,Pickup from Home,1724.25,Debit Card,Processed,3,Satisfied
RET50439,SN2305688,CUST10278,PRD1003,OnePlus Nord CE 3 Lite,Electronics,2023-11-11,Screen damage in transit,Drop at Store,35998.2,UPI,Processed,6,Dissatisfied
RET50440,SN2305691,CUST10022,PRD1045,American Tourister Trolley Bag 68cm,Fashion,2023-11-17,Size/fit issue,Drop at Store,8398.8,EMI,Pending,6,Neutral
RET50441,SN2305703,CUST10240,PRD1010,Asus VivoBook 16X OLED,Electronics,2023-11-18,Wrong model delivered,Drop at Store,61749.05,UPI,Processed,6,Very Dissatisfied
RET50442,SN2305743,CUST10232,PRD1060,Pepperfry Solid Wood Study Table,Home & Kitchen,2023-11-17,Product defective,Drop at Store,27297.9,Debit Card,Pending,4,Neutral
RET50443,SN2305745,CUST10500,PRD1023,Fitbit Charge 6,Electronics,2023-11-15,Not as described,Drop at Store,16149.15,Debit Card,Processed,2,Dissatisfied
RET50444,SN2305746,CUST10569,PRD1086,Arihant CAT 2024 Solved Papers,Books,2023-11-10,Changed mind,Courier Self-Send,551.65,Net Banking,Processed,7,Satisfied
RET50445,SN2305748,CUST10517,PRD1052,Hawkins Futura Non-Stick Wok 25cm,Home & Kitchen,2023-11-13,Changed mind,Courier Self-Send,1259.3,Cash on Delivery,Processed,7,Dissatisfied
RET50446,SN2305779,CUST10425,PRD1041,Skechers GOwalk 6 Slip-On,Fashion,2023-11-13,Fabric quality poor,Pickup from Home,4999,Credit Card,Processed,1,Very Dissatisfied
RET50447,SN2305780,CUST10070,PRD1023,Fitbit Charge 6,Electronics,2023-11-24,Wrong model delivered,Courier Self-Send,32298.3,EMI,Processed,5,Dissatisfied
RET50448,SN2305786,CUST10005,PRD1026,Levi's 511 Slim Fit Jeans,Fashion,2023-11-11,Wrong colour delivered,Drop at Store,3599.1,Net Banking,Processed,4,Neutral
RET50449,SN2305807,CUST10797,PRD1064,Plum Green Tea Pore Cleansing Face Wash,Beauty,2023-11-22,Wrong variant,Courier Self-Send,748.5,Credit Card,Pending,1,Dissatisfied
RET50450,SN2305822,CUST10053,PRD1035,Zara Flowy Midi Dress,Fashion,2023-11-16,Wrong colour delivered,Pickup from Home,6798.3,Debit Card,Processed,4,Dissatisfied
RET50451,SN2305837,CUST10514,PRD1052,Hawkins Futura Non-Stick Wok 25cm,Home & Kitchen,2023-11-19,Changed mind,Courier Self-Send,1439.2,UPI,Rejected,3,Very Dissatisfied
RET50452,SN2305838,CUST10715,PRD1001,Samsung Galaxy A54 5G,Electronics,2023-11-15,Screen damage in transit,Courier Self-Send,23199.2,UPI,Processed,5,Neutral
RET50453,SN2305856,CUST10516,PRD1078,Adidas Aeroready Training Tights,Sports,2023-11-14,Defective product,Drop at Store,2519.1,Debit Card,Processed,1,Dissatisfied
RET50454,SN2305878,CUST10335,PRD1060,Pepperfry Solid Wood Study Table,Home & Kitchen,2023-11-18,Wrong item,Pickup from Home,10399.2,UPI,Processed,3,Neutral
RET50455,SN2305888,CUST10693,PRD1032,BIBA Floral Printed Kurta,Fashion,2023-11-22,Changed mind,Drop at Store,3038.4,Cash on Delivery,Processed,6,Dissatisfied
RET50456,SN2305894,CUST10011,PRD1031,Puma Dry-Cell Training T-Shirt,Fashion,2023-11-17,Changed mind,Courier Self-Send,2398.5,Cash on Delivery,Pending,3,Neutral
RET50457,SN2305931,CUST10705,PRD1052,Hawkins Futura Non-Stick Wok 25cm,Home & Kitchen,2023-11-18,Poor build quality,Courier Self-Send,1619.1,Cash on Delivery,Processed,5,Dissatisfied
RET50458,SN2305969,CUST10493,PRD1004,Redmi Note 13 Pro 5G,Electronics,2023-11-26,Wrong model delivered,Drop at Store,48598.2,UPI,Processed,1,Dissatisfied
RET50459,SN2305986,CUST10350,PRD1017,JBL Tune 760NC Headphone,Electronics,2023-11-22,Wrong model delivered,Pickup from Home,11198.6,Credit Card,Processed,3,Neutral
RET50460,SN2305997,CUST10089,PRD1017,JBL Tune 760NC Headphone,Electronics,2023-11-13,Defective product,Pickup from Home,7599.05,Credit Card,Processed,2,Satisfied
RET50461,SN2306010,CUST10299,PRD1038,Puma Softride Enzo NXT Sneaker,Fashion,2023-11-15,Style not as shown,Pickup from Home,10797.6,UPI,Processed,1,Dissatisfied
RET50462,SN2306014,CUST10712,PRD1018,boAt Airdopes 141 TWS,Electronics,2023-11-18,Defective product,Drop at Store,1234.05,Cash on Delivery,Processed,7,Dissatisfied
RET50463,SN2306015,CUST10124,PRD1072,Fogg Scent Xpressio EDP 100ml,Beauty,2023-11-18,Fake/counterfeit suspected,Courier Self-Send,639.2,Credit Card,Processed,4,Dissatisfied
RET50464,SN2306036,CUST10500,PRD1016,Sony WH-1000XM5 Wireless,Electronics,2023-11-15,Not as described,Drop at Store,143995.5,Debit Card,Processed,3,Dissatisfied
RET50465,SN2306038,CUST10587,PRD1059,Nilkamal Esteem Bookshelf,Home & Kitchen,2023-11-22,Product defective,Drop at Store,22397.2,EMI,Rejected,7,Dissatisfied
RET50466,SN2306040,CUST10652,PRD1079,Decathlon Quechua 10L Hiking Daypack,Sports,2023-11-12,Size issue,Pickup from Home,5096.6,EMI,Processed,6,Satisfied
RET50467,SN2306064,CUST10753,PRD1054,Wonderchef Ebony Non-Stick Tawa 30cm,Home & Kitchen,2023-11-15,Poor build quality,Drop at Store,1798.8,Net Banking,Processed,2,Dissatisfied
RET50468,SN2306068,CUST10604,PRD1018,boAt Airdopes 141 TWS,Electronics,2023-11-16,Screen damage in transit,Pickup from Home,3897,Net Banking,Processed,3,Satisfied
RET50469,SN2306079,CUST10738,PRD1044,Wildcraft 35L Hiking Backpack,Fashion,2023-11-14,Fabric quality poor,Drop at Store,1874.25,Credit Card,Processed,6,Neutral
RET50470,SN2306111,CUST10529,PRD1057,Craftter Wooden Wall Clock,Home & Kitchen,2023-11-18,Product defective,Courier Self-Send,1039.2,UPI,Processed,2,Dissatisfied
RET50471,SN2306115,CUST10283,PRD1022,Samsung Galaxy Watch 6,Electronics,2023-11-25,Not as described,Pickup from Home,26999.1,Credit Card,Processed,6,Neutral
RET50472,SN2306118,CUST10257,PRD1020,Noise ColorFit Pro 4,Electronics,2023-11-24,Wrong model delivered,Pickup from Home,2399.2,Cash on Delivery,Pending,2,Neutral
RET50473,SN2306121,CUST10133,PRD1072,Fogg Scent Xpressio EDP 100ml,Beauty,2023-11-17,Fake/counterfeit suspected,Pickup from Home,1797.75,Credit Card,Processed,2,Very Dissatisfied
RET50474,SN2306133,CUST10341,PRD1045,American Tourister Trolley Bag 68cm,Fashion,2023-11-14,Size/fit issue,Courier Self-Send,16797.6,UPI,Processed,3,Dissatisfied
RET50475,SN2306140,CUST10587,PRD1009,Lenovo IdeaPad Slim 3 15,Electronics,2023-11-23,Defective product,Courier Self-Send,42499.15,Cash on Delivery,Processed,6,Neutral
RET50476,SN2306149,CUST10276,PRD1057,Craftter Wooden Wall Clock,Home & Kitchen,2023-11-19,Damaged packaging,Courier Self-Send,974.25,EMI,Pending,2,Very Dissatisfied
RET50477,SN2306155,CUST10060,PRD1003,OnePlus Nord CE 3 Lite,Electronics,2023-11-24,Wrong model delivered,Pickup from Home,16999.15,UPI,Processed,3,Very Dissatisfied
RET50478,SN2306172,CUST10025,PRD1006,Realme 12 Pro+ 5G,Electronics,2023-11-21,Wrong model delivered,Courier Self-Send,23799.15,Net Banking,Processed,4,Neutral
RET50479,SN2306196,CUST10411,PRD1026,Levi's 511 Slim Fit Jeans,Fashion,2023-11-17,Size/fit issue,Drop at Store,3799.05,UPI,Processed,2,Neutral
RET50480,SN2306203,CUST10668,PRD1072,Fogg Scent Xpressio EDP 100ml,Beauty,2023-11-21,Wrong variant,Pickup from Home,799,Cash on Delivery,Processed,1,Satisfied
RET50481,SN2306240,CUST10657,PRD1060,Pepperfry Solid Wood Study Table,Home & Kitchen,2023-11-25,Wrong item,Pickup from Home,11049.15,UPI,Processed,7,Neutral
RET50482,SN2306250,CUST10530,PRD1043,Titan Raga Women's Watch,Fashion,2023-11-19,Size/fit issue,Courier Self-Send,13497.75,UPI,Processed,6,Neutral
RET50483,SN2306280,CUST10636,PRD1004,Redmi Note 13 Pro 5G,Electronics,2023-11-30,Screen damage in transit,Drop at Store,21599.2,UPI,Processed,6,Dissatisfied
RET50484,SN2306284,CUST10587,PRD1060,Pepperfry Solid Wood Study Table,Home & Kitchen,2023-11-28,Damaged packaging,Drop at Store,11699.1,Debit Card,Processed,3,Satisfied
RET50485,SN2306300,CUST10482,PRD1073,Wild Stone Gold EDT 50ml,Beauty,2023-11-19,Allergic reaction,Pickup from Home,569.05,Net Banking,Processed,2,Very Dissatisfied
RET50486,SN2306322,CUST10476,PRD1015,boAt Rockerz 450 Bluetooth,Electronics,2023-12-01,Defective product,Drop at Store,1499.25,Debit Card,Processed,6,Neutral
RET50487,SN2306339,CUST10665,PRD1037,Nike Air Max 270 Running Shoes,Fashion,2023-11-29,Fabric quality poor,Pickup from Home,8999.1,UPI,Processed,1,Dissatisfied
RET50488,SN2306349,CUST10065,PRD1003,OnePlus Nord CE 3 Lite,Electronics,2023-11-21,Not as described,Pickup from Home,15999.2,UPI,Pending,5,Dissatisfied
RET50489,SN2306351,CUST10315,PRD1044,Wildcraft 35L Hiking Backpack,Fashion,2023-11-19,Changed mind,Courier Self-Send,2124.15,UPI,Processed,1,Dissatisfied
RET50490,SN2306362,CUST10371,PRD1041,Skechers GOwalk 6 Slip-On,Fashion,2023-11-27,Fabric quality poor,Courier Self-Send,11997.6,Credit Card,Processed,6,Dissatisfied
RET50491,SN2306380,CUST10322,PRD1019,Noise Buds VS104 TWS,Electronics,2023-12-02,Battery issue,Pickup from Home,2338.2,Credit Card,Processed,7,Dissatisfied
RET50492,SN2306428,CUST10694,PRD1084,Deep Work – Cal Newport,Books,2023-11-29,Damaged spine,Courier Self-Send,1797,UPI,Processed,6,Neutral
RET50493,SN2306435,CUST10178,PRD1043,Titan Raga Women's Watch,Fashion,2023-11-22,Style not as shown,Pickup from Home,3599.4,Cash on Delivery,Processed,1,Neutral
RET50494,SN2306437,CUST10263,PRD1041,Skechers GOwalk 6 Slip-On,Fashion,2023-11-26,Wrong colour delivered,Drop at Store,7998.4,Cash on Delivery,Pending,4,Very Dissatisfied
RET50495,SN2306459,CUST10472,PRD1014,Lenovo Tab M10 FHD Plus,Electronics,2023-11-27,Not as described,Pickup from Home,28798.4,UPI,Pending,6,Satisfied
RET50496,SN2306471,CUST10788,PRD1055,Spaces 300TC Cotton King Bedsheet,Home & Kitchen,2023-11-25,Poor build quality,Courier Self-Send,1749.3,Credit Card,Processed,4,Dissatisfied
RET50497,SN2306482,CUST10648,PRD1050,Havells Fresco 800W OTG 19L,Home & Kitchen,2023-11-30,Changed mind,Drop at Store,7998.4,Cash on Delivery,Processed,6,Dissatisfied
RET50498,SN2306485,CUST10508,PRD1024,Canon EOS 1500D DSLR Kit,Electronics,2023-12-05,Defective product,Drop at Store,107997.6,Credit Card,Processed,4,Satisfied
RET50499,SN2306520,CUST10319,PRD1083,Ikigai – Francesc Miralles,Books,2023-11-25,Pages missing,Pickup from Home,299.25,Cash on Delivery,Processed,3,Neutral
RET50500,SN2306521,CUST10073,PRD1036,H&M Ribbed Jersey Dress,Fashion,2023-11-28,Changed mind,Pickup from Home,4857.3,Credit Card,Processed,1,Dissatisfied
RET50501,SN2306524,CUST10763,PRD1073,Wild Stone Gold EDT 50ml,Beauty,2023-11-27,Changed mind,Courier Self-Send,359.4,Credit Card,Rejected,4,Satisfied
RET50502,SN2306557,CUST10583,PRD1042,Fossil Gen 6 Hybrid Smartwatch,Fashion,2023-12-06,Changed mind,Courier Self-Send,9796.5,Credit Card,Processed,3,Dissatisfied
RET50503,SN2306566,CUST10623,PRD1039,Adidas Ultraboost 22 Shoes,Fashion,2023-11-28,Style not as shown,Pickup from Home,52496.25,UPI,Processed,4,Dissatisfied
RET50504,SN2306575,CUST10707,PRD1036,H&M Ribbed Jersey Dress,Fashion,2023-11-27,Style not as shown,Courier Self-Send,6476.4,UPI,Processed,1,Dissatisfied
RET50505,SN2306591,CUST10343,PRD1072,Fogg Scent Xpressio EDP 100ml,Beauty,2023-12-02,Allergic reaction,Courier Self-Send,1438.2,Cash on Delivery,Pending,2,Dissatisfied
RET50506,SN2306594,CUST10094,PRD1030,H&M Regular Fit Linen Shirt,Fashion,2023-12-05,Wrong colour delivered,Courier Self-Send,1529.15,UPI,Processed,6,Neutral
RET50507,SN2306618,CUST10178,PRD1036,H&M Ribbed Jersey Dress,Fashion,2023-12-04,Wrong colour delivered,Drop at Store,1529.15,Debit Card,Processed,6,Dissatisfied
RET50508,SN2306630,CUST10038,PRD1021,boAt Wave Flex Connect,Electronics,2023-12-05,Not as described,Pickup from Home,3198.4,UPI,Processed,2,Very Dissatisfied
RET50509,SN2306638,CUST10109,PRD1071,SUGAR Matte Attack Transferproof Lipstick,Beauty,2023-12-07,Changed mind,Drop at Store,629.3,UPI,Processed,1,Very Dissatisfied
RET50510,SN2306655,CUST10317,PRD1062,Dot & Key Watermelon Sleeping Mask 85g,Beauty,2023-12-06,Changed mind,Drop at Store,854.05,EMI,Pending,4,Neutral
RET50511,SN2306664,CUST10245,PRD1005,Vivo V29 Pro 5G,Electronics,2023-12-03,Defective product,Courier Self-Send,66598.2,Credit Card,Processed,2,Neutral
RET50512,SN2306696,CUST10185,PRD1015,boAt Rockerz 450 Bluetooth,Electronics,2023-12-07,Screen damage in transit,Pickup from Home,2398.8,Net Banking,Rejected,2,Very Dissatisfied
RET50513,SN2306700,CUST10435,PRD1019,Noise Buds VS104 TWS,Electronics,2023-12-02,Not as described,Pickup from Home,5845.5,UPI,Processed,4,Neutral
RET50514,SN2306727,CUST10485,PRD1036,H&M Ribbed Jersey Dress,Fashion,2023-12-05,Fabric quality poor,Drop at Store,6746.25,Net Banking,Processed,5,Dissatisfied
RET50515,SN2306735,CUST10469,PRD1033,W Ethnic Wear Kurta Set,Fashion,2023-12-07,Wrong colour delivered,Drop at Store,1954.15,Credit Card,Processed,2,Neutral
RET50516,SN2306737,CUST10791,PRD1058,Ivyspace Artificial Plant Set of 3,Home & Kitchen,2023-12-06,Product defective,Drop at Store,3196.8,Net Banking,Processed,2,Very Dissatisfied
RET50517,SN2306800,CUST10255,PRD1076,Durafit Spark Cycle 21kg Flywheel,Sports,2023-12-10,Wrong item,Drop at Store,23799.15,Net Banking,Pending,5,Dissatisfied
RET50518,SN2306802,CUST10523,PRD1003,OnePlus Nord CE 3 Lite,Electronics,2023-12-06,Wrong model delivered,Courier Self-Send,74996.25,EMI,Processed,3,Dissatisfied
RET50519,SN2306815,CUST10123,PRD1071,SUGAR Matte Attack Transferproof Lipstick,Beauty,2023-12-08,Allergic reaction,Courier Self-Send,764.15,Cash on Delivery,Processed,3,Dissatisfied
RET50520,SN2306825,CUST10514,PRD1001,Samsung Galaxy A54 5G,Electronics,2023-12-14,Screen damage in transit,Courier Self-Send,69597.6,UPI,Processed,3,Satisfied
RET50521,SN2306841,CUST10023,PRD1070,Maybelline Fit Me Matte Foundation,Beauty,2023-12-08,Seal broken,Courier Self-Send,1677.6,Debit Card,Processed,1,Very Dissatisfied
RET50522,SN2306853,CUST10427,PRD1037,Nike Air Max 270 Running Shoes,Fashion,2023-12-10,Size/fit issue,Courier Self-Send,19998,UPI,Processed,3,Neutral
RET50523,SN2306860,CUST10624,PRD1012,Samsung Galaxy Tab A8 LTE,Electronics,2023-12-16,Defective product,Drop at Store,112495.5,UPI,Processed,3,Satisfied
RET50524,SN2306864,CUST10379,PRD1033,W Ethnic Wear Kurta Set,Fashion,2023-12-14,Style not as shown,Pickup from Home,4138.2,Credit Card,Processed,5,Dissatisfied
RET50525,SN2306877,CUST10368,PRD1060,Pepperfry Solid Wood Study Table,Home & Kitchen,2023-12-12,Changed mind,Drop at Store,55245.75,UPI,Processed,2,Dissatisfied
RET50526,SN2306881,CUST10116,PRD1004,Redmi Note 13 Pro 5G,Electronics,2023-12-09,Battery issue,Drop at Store,53998,Credit Card,Processed,3,Neutral
RET50527,SN2306913,CUST10745,PRD1039,Adidas Ultraboost 22 Shoes,Fashion,2023-12-15,Wrong colour delivered,Courier Self-Send,13999,Debit Card,Pending,1,Dissatisfied
RET50528,SN2306915,CUST10454,PRD1017,JBL Tune 760NC Headphone,Electronics,2023-12-15,Battery issue,Pickup from Home,7599.05,UPI,Processed,7,Dissatisfied
RET50529,SN2306928,CUST10083,PRD1034,Aurelia Embroidered Salwar Suit,Fashion,2023-12-10,Wrong colour delivered,Pickup from Home,4348.5,Net Banking,Processed,1,Dissatisfied
RET50530,SN2306940,CUST10616,PRD1033,W Ethnic Wear Kurta Set,Fashion,2023-12-18,Changed mind,Pickup from Home,3678.4,Debit Card,Processed,5,Neutral
RET50531,SN2306943,CUST10752,PRD1070,Maybelline Fit Me Matte Foundation,Beauty,2023-12-13,Changed mind,Courier Self-Send,664.05,UPI,Processed,3,Very Dissatisfied
RET50532,SN2306965,CUST10465,PRD1022,Samsung Galaxy Watch 6,Electronics,2023-12-14,Not as described,Pickup from Home,28499.05,Debit Card,Processed,4,Dissatisfied
RET50533,SN2306966,CUST10604,PRD1069,Lakme Absolute Mousse Foundation,Beauty,2023-12-18,Changed mind,Courier Self-Send,799,Credit Card,Processed,6,Dissatisfied
RET50534,SN2306980,CUST10313,PRD1044,Wildcraft 35L Hiking Backpack,Fashion,2023-12-20,Changed mind,Courier Self-Send,4998,Cash on Delivery,Processed,2,Satisfied
RET50535,SN2306987,CUST10715,PRD1003,OnePlus Nord CE 3 Lite,Electronics,2023-12-15,Screen damage in transit,Drop at Store,19999,UPI,Processed,4,Very Dissatisfied
RET50536,SN2307036,CUST10233,PRD1008,Dell Inspiron 15 Core i7,Electronics,2023-12-23,Not as described,Drop at Store,269996.4,Debit Card,Processed,1,Neutral
RET50537,SN2307048,CUST10007,PRD1058,Ivyspace Artificial Plant Set of 3,Home & Kitchen,2023-12-21,Damaged packaging,Drop at Store,2997,EMI,Processed,5,Satisfied
RET50538,SN2307050,CUST10686,PRD1033,W Ethnic Wear Kurta Set,Fashion,2023-12-13,Size/fit issue,Pickup from Home,2184.05,UPI,Processed,5,Dissatisfied
RET50539,SN2307057,CUST10096,PRD1065,Cetaphil Moisturising Cream 250g,Beauty,2023-12-22,Seal broken,Courier Self-Send,629.1,EMI,Pending,1,Satisfied
RET50540,SN2307070,CUST10761,PRD1056,Bombay Dyeing Microfibre Comforter,Home & Kitchen,2023-12-13,Wrong item,Pickup from Home,19995,Credit Card,Processed,1,Neutral
RET50541,SN2307075,CUST10428,PRD1069,Lakme Absolute Mousse Foundation,Beauty,2023-12-14,Allergic reaction,Drop at Store,799,Cash on Delivery,Processed,1,Neutral
RET50542,SN2307087,CUST10760,PRD1044,Wildcraft 35L Hiking Backpack,Fashion,2023-12-22,Changed mind,Pickup from Home,2499,UPI,Processed,5,Dissatisfied
RET50543,SN2307105,CUST10478,PRD1036,H&M Ribbed Jersey Dress,Fashion,2023-12-25,Wrong colour delivered,Courier Self-Send,1799,Credit Card,Processed,1,Dissatisfied
RET50544,SN2307162,CUST10417,PRD1059,Nilkamal Esteem Bookshelf,Home & Kitchen,2023-12-25,Poor build quality,Pickup from Home,14398.2,UPI,Processed,2,Neutral
RET50545,SN2307186,CUST10640,PRD1078,Adidas Aeroready Training Tights,Sports,2023-12-25,Wrong item,Pickup from Home,2379.15,Cash on Delivery,Processed,7,Neutral
RET50546,SN2307205,CUST10577,PRD1068,TRESemmé Keratin Smooth Shampoo 580ml,Beauty,2023-12-24,Changed mind,Courier Self-Send,489.3,Debit Card,Pending,6,Satisfied
RET50547,SN2307210,CUST10013,PRD1069,Lakme Absolute Mousse Foundation,Beauty,2023-12-23,Seal broken,Pickup from Home,599.25,Debit Card,Pending,6,Very Dissatisfied
RET50548,SN2307228,CUST10154,PRD1082,The Alchemist – Paulo Coelho,Books,2023-12-20,Duplicate order,Drop at Store,280,Cash on Delivery,Processed,1,Satisfied
RET50549,SN2307286,CUST10013,PRD1050,Havells Fresco 800W OTG 19L,Home & Kitchen,2023-12-23,Poor build quality,Pickup from Home,21245.75,UPI,Pending,7,Dissatisfied
RET50550,SN2307295,CUST10552,PRD1022,Samsung Galaxy Watch 6,Electronics,2024-01-04,Wrong model delivered,Drop at Store,29999,UPI,Processed,3,Dissatisfied
RET50551,SN2307328,CUST10200,PRD1084,Deep Work – Cal Newport,Books,2024-01-01,Duplicate order,Courier Self-Send,569.05,Net Banking,Processed,1,Very Dissatisfied
RET50552,SN2307329,CUST10276,PRD1031,Puma Dry-Cell Training T-Shirt,Fashion,2023-12-31,Wrong colour delivered,Courier Self-Send,3198,Debit Card,Pending,2,Satisfied
RET50553,SN2307333,CUST10059,PRD1068,TRESemmé Keratin Smooth Shampoo 580ml,Beauty,2023-12-30,Seal broken,Courier Self-Send,1328.1,UPI,Processed,3,Satisfied
RET50554,SN2307346,CUST10049,PRD1023,Fitbit Charge 6,Electronics,2023-12-28,Defective product,Courier Self-Send,56997,Cash on Delivery,Processed,2,Very Dissatisfied
RET50555,SN2307362,CUST10094,PRD1012,Samsung Galaxy Tab A8 LTE,Electronics,2023-12-28,Wrong model delivered,Courier Self-Send,49998,Credit Card,Processed,1,Dissatisfied
RET50556,SN2307363,CUST10453,PRD1047,Prestige Iris 750W Mixer Grinder,Home & Kitchen,2023-12-29,Damaged packaging,Courier Self-Send,3199.2,Debit Card,Processed,4,Dissatisfied
RET50557,SN2307377,CUST10150,PRD1035,Zara Flowy Midi Dress,Fashion,2024-01-03,Style not as shown,Drop at Store,3599.1,Debit Card,Pending,3,Neutral
RET50558,SN2307386,CUST10007,PRD1014,Lenovo Tab M10 FHD Plus,Electronics,2023-12-31,Screen damage in transit,Drop at Store,40497.75,UPI,Processed,2,Neutral
RET50559,SN2307428,CUST10178,PRD1004,Redmi Note 13 Pro 5G,Electronics,2024-01-06,Defective product,Drop at Store,24299.1,UPI,Rejected,7,Dissatisfied
RET50560,SN2307429,CUST10339,PRD1042,Fossil Gen 6 Hybrid Smartwatch,Fashion,2023-12-30,Size/fit issue,Courier Self-Send,37786.5,Cash on Delivery,Processed,7,Satisfied
RET50561,SN2307435,CUST10756,PRD1068,TRESemmé Keratin Smooth Shampoo 580ml,Beauty,2023-12-31,Seal broken,Drop at Store,2097,Credit Card,Pending,2,Dissatisfied
RET50562,SN2307441,CUST10164,PRD1053,Prestige Svachh Flip-Lid Pressure Cooker 5L,Home & Kitchen,2024-01-07,Poor build quality,Courier Self-Send,2199,Cash on Delivery,Pending,1,Neutral
RET50563,SN2307471,CUST10190,PRD1079,Decathlon Quechua 10L Hiking Daypack,Sports,2024-01-04,Size issue,Pickup from Home,1349.1,Credit Card,Processed,1,Very Dissatisfied
RET50564,SN2307473,CUST10683,PRD1078,Adidas Aeroready Training Tights,Sports,2024-01-03,Wrong item,Drop at Store,2519.1,UPI,Processed,5,Neutral
RET50565,SN2307476,CUST10084,PRD1027,Allen Solly Formal Shirt,Fashion,2024-01-04,Style not as shown,Pickup from Home,2698.5,Cash on Delivery,Processed,6,Neutral
RET50566,SN2307511,CUST10088,PRD1039,Adidas Ultraboost 22 Shoes,Fashion,2024-01-05,Changed mind,Courier Self-Send,33597.6,UPI,Processed,7,Dissatisfied
RET50567,SN2307524,CUST10251,PRD1082,The Alchemist – Paulo Coelho,Books,2024-01-04,Wrong title,Courier Self-Send,315,Credit Card,Processed,6,Neutral
RET50568,SN2307525,CUST10775,PRD1048,Philips HL7756 750W Mixer,Home & Kitchen,2024-01-09,Product defective,Courier Self-Send,6298.2,Debit Card,Processed,7,Very Dissatisfied
RET50569,SN2307526,CUST10755,PRD1039,Adidas Ultraboost 22 Shoes,Fashion,2024-01-05,Fabric quality poor,Pickup from Home,13999,Cash on Delivery,Processed,4,Very Dissatisfied
RET50570,SN2307528,CUST10652,PRD1030,H&M Regular Fit Linen Shirt,Fashion,2024-01-03,Size/fit issue,Pickup from Home,3598,Credit Card,Processed,5,Dissatisfied
RET50571,SN2307533,CUST10423,PRD1048,Philips HL7756 750W Mixer,Home & Kitchen,2024-01-10,Changed mind,Drop at Store,2974.15,Debit Card,Processed,4,Dissatisfied
RET50572,SN2307536,CUST10668,PRD1009,Lenovo IdeaPad Slim 3 15,Electronics,2024-01-11,Screen damage in transit,Pickup from Home,99998,Credit Card,Rejected,1,Neutral
RET50573,SN2307549,CUST10490,PRD1028,Van Heusen Slim Fit Chinos,Fashion,2024-01-10,Fabric quality poor,Pickup from Home,7122.15,EMI,Processed,2,Neutral
